Date,Open,High,Low,Close,Volume,Dividends,Stock Splits,Market Cap,Enterprise Value,Trailing P/E,Forward P/E,PEG Ratio,Price/Sales,Price/Book,Enterprise Value/Revenue,Enterprise Value/EBITDA,Beta,52 Week High,52 Week Low,50 Day Moving Average,200 Day Moving Average,Shares Outstanding,Dividend Yield
2023-01-03 00:00:00-05:00,4.650000095367432,4.75,4.429999828338623,4.5,29303200,0.0,0.0,7696561664,7324924416,,30.333334,0.44,3.433044,1.3202757,3.267,,1.757,11.7,4.92,7.2883,7.9445,1057219968,
2023-01-04 00:00:00-05:00,4.539999961853027,4.880000114440918,4.494999885559082,4.769999980926514,48731400,0.0,0.0,7696561664,7324924416,,30.333334,0.44,3.433044,1.3202757,3.267,,1.757,11.7,4.92,7.2883,7.9445,1057219968,
2023-01-05 00:00:00-05:00,4.659999847412109,4.730000019073486,4.559999942779541,4.630000114440918,30512000,0.0,0.0,7696561664,7324924416,,30.333334,0.44,3.433044,1.3202757,3.267,,1.757,11.7,4.92,7.2883,7.9445,1057219968,
2023-01-06 00:00:00-05:00,4.659999847412109,4.695000171661377,4.489999771118164,4.619999885559082,31589500,0.0,0.0,7696561664,7324924416,,30.333334,0.44,3.433044,1.3202757,3.267,,1.757,11.7,4.92,7.2883,7.9445,1057219968,
2023-01-09 00:00:00-05:00,4.670000076293945,5.0,4.670000076293945,4.820000171661377,50435000,0.0,0.0,7696561664,7324924416,,30.333334,0.44,3.433044,1.3202757,3.267,,1.757,11.7,4.92,7.2883,7.9445,1057219968,
2023-01-10 00:00:00-05:00,4.800000190734863,5.130000114440918,4.78000020980835,5.119999885559082,42334400,0.0,0.0,7696561664,7324924416,,30.333334,0.44,3.433044,1.3202757,3.267,,1.757,11.7,4.92,7.2883,7.9445,1057219968,
2023-01-11 00:00:00-05:00,5.150000095367432,5.190000057220459,4.980000019073486,5.150000095367432,41602100,0.0,0.0,7696561664,7324924416,,30.333334,0.44,3.433044,1.3202757,3.267,,1.757,11.7,4.92,7.2883,7.9445,1057219968,
2023-01-12 00:00:00-05:00,5.190000057220459,5.380000114440918,4.989999771118164,5.360000133514404,49408800,0.0,0.0,7696561664,7324924416,,30.333334,0.44,3.433044,1.3202757,3.267,,1.757,11.7,4.92,7.2883,7.9445,1057219968,
2023-01-13 00:00:00-05:00,5.224999904632568,5.489999771118164,5.190000057220459,5.440000057220459,32477100,0.0,0.0,7696561664,7324924416,,30.333334,0.44,3.433044,1.3202757,3.267,,1.757,11.7,4.92,7.2883,7.9445,1057219968,
2023-01-17 00:00:00-05:00,5.449999809265137,5.71999979019165,5.360000133514404,5.639999866485596,37801400,0.0,0.0,7696561664,7324924416,,30.333334,0.44,3.433044,1.3202757,3.267,,1.757,11.7,4.92,7.2883,7.9445,1057219968,
2023-01-18 00:00:00-05:00,5.650000095367432,5.699999809265137,5.480000019073486,5.559999942779541,38396700,0.0,0.0,7696561664,7324924416,,30.333334,0.44,3.433044,1.3202757,3.267,,1.757,11.7,4.92,7.2883,7.9445,1057219968,
2023-01-19 00:00:00-05:00,5.409999847412109,5.53000020980835,5.309999942779541,5.409999847412109,32006500,0.0,0.0,7696561664,7324924416,,30.333334,0.44,3.433044,1.3202757,3.267,,1.757,11.7,4.92,7.2883,7.9445,1057219968,
2023-01-20 00:00:00-05:00,5.485000133514404,5.75,5.431000232696533,5.670000076293945,31135600,0.0,0.0,7696561664,7324924416,,30.333334,0.44,3.433044,1.3202757,3.267,,1.757,11.7,4.92,7.2883,7.9445,1057219968,
2023-01-23 00:00:00-05:00,5.710000038146973,5.889999866485596,5.630000114440918,5.869999885559082,39018500,0.0,0.0,7696561664,7324924416,,30.333334,0.44,3.433044,1.3202757,3.267,,1.757,11.7,4.92,7.2883,7.9445,1057219968,
2023-01-24 00:00:00-05:00,5.775000095367432,6.0,5.730000019073486,5.789999961853027,32563800,0.0,0.0,7696561664,7324924416,,30.333334,0.44,3.433044,1.3202757,3.267,,1.757,11.7,4.92,7.2883,7.9445,1057219968,
2023-01-25 00:00:00-05:00,5.639999866485596,5.869999885559082,5.539999961853027,5.789999961853027,30127800,0.0,0.0,7696561664,7324924416,,30.333334,0.44,3.433044,1.3202757,3.267,,1.757,11.7,4.92,7.2883,7.9445,1057219968,
2023-01-26 00:00:00-05:00,5.900000095367432,5.940000057220459,5.650000095367432,5.710000038146973,29992300,0.0,0.0,7696561664,7324924416,,30.333334,0.44,3.433044,1.3202757,3.267,,1.757,11.7,4.92,7.2883,7.9445,1057219968,
2023-01-27 00:00:00-05:00,5.690000057220459,6.039999961853027,5.630000114440918,5.940000057220459,48503500,0.0,0.0,7696561664,7324924416,,30.333334,0.44,3.433044,1.3202757,3.267,,1.757,11.7,4.92,7.2883,7.9445,1057219968,
2023-01-30 00:00:00-05:00,6.590000152587891,7.005000114440918,6.369999885559082,6.679999828338623,164184300,0.0,0.0,7696561664,7324924416,,30.333334,0.44,3.433044,1.3202757,3.267,,1.757,11.7,4.92,7.2883,7.9445,1057219968,
2023-01-31 00:00:00-05:00,6.659999847412109,6.949999809265137,6.510000228881836,6.929999828338623,68287100,0.0,0.0,7696561664,7324924416,,30.333334,0.44,3.433044,1.3202757,3.267,,1.757,11.7,4.92,7.2883,7.9445,1057219968,
2023-02-01 00:00:00-05:00,6.929999828338623,7.46999979019165,6.860000133514404,7.380000114440918,75445300,0.0,0.0,7696561664,7324924416,,30.333334,0.44,3.433044,1.3202757,3.267,,1.757,11.7,4.92,7.2883,7.9445,1057219968,
2023-02-02 00:00:00-05:00,7.670000076293945,8.239999771118164,7.449999809265137,7.71999979019165,106231100,0.0,0.0,7696561664,7324924416,,30.333334,0.44,3.433044,1.3202757,3.267,,1.757,11.7,4.92,7.2883,7.9445,1057219968,
2023-02-03 00:00:00-05:00,7.400000095367432,7.985000133514404,7.309999942779541,7.460000038146973,55989100,0.0,0.0,7696561664,7324924416,,30.333334,0.44,3.433044,1.3202757,3.267,,1.757,11.7,4.92,7.2883,7.9445,1057219968,
2023-02-06 00:00:00-05:00,7.349999904632568,7.639999866485596,7.260000228881836,7.409999847412109,41269900,0.0,0.0,7696561664,7324924416,,30.333334,0.44,3.433044,1.3202757,3.267,,1.757,11.7,4.92,7.2883,7.9445,1057219968,
2023-02-07 00:00:00-05:00,7.369999885559082,7.449999809265137,7.139999866485596,7.380000114440918,40804000,0.0,0.0,7696561664,7324924416,,30.333334,0.44,3.433044,1.3202757,3.267,,1.757,11.7,4.92,7.2883,7.9445,1057219968,
2023-02-08 00:00:00-05:00,7.320000171661377,7.494999885559082,7.190000057220459,7.199999809265137,25636300,0.0,0.0,7696561664,7324924416,,30.333334,0.44,3.433044,1.3202757,3.267,,1.757,11.7,4.92,7.2883,7.9445,1057219968,
2023-02-09 00:00:00-05:00,7.269999980926514,7.364999771118164,6.840000152587891,6.889999866485596,50352400,0.0,0.0,7696561664,7324924416,,30.333334,0.44,3.433044,1.3202757,3.267,,1.757,11.7,4.92,7.2883,7.9445,1057219968,
2023-02-10 00:00:00-05:00,6.760000228881836,6.889999866485596,6.639999866485596,6.809999942779541,37285300,0.0,0.0,7696561664,7324924416,,30.333334,0.44,3.433044,1.3202757,3.267,,1.757,11.7,4.92,7.2883,7.9445,1057219968,
2023-02-13 00:00:00-05:00,6.75,6.900000095367432,6.679999828338623,6.760000228881836,23626800,0.0,0.0,7696561664,7324924416,,30.333334,0.44,3.433044,1.3202757,3.267,,1.757,11.7,4.92,7.2883,7.9445,1057219968,
2023-02-14 00:00:00-05:00,6.659999847412109,6.820000171661377,6.429999828338623,6.739999771118164,28449700,0.0,0.0,7696561664,7324924416,,30.333334,0.44,3.433044,1.3202757,3.267,,1.757,11.7,4.92,7.2883,7.9445,1057219968,
2023-02-15 00:00:00-05:00,6.820000171661377,7.289999961853027,6.800000190734863,7.25,35683800,0.0,0.0,7696561664,7324924416,,30.333334,0.44,3.433044,1.3202757,3.267,,1.757,11.7,4.92,7.2883,7.9445,1057219968,
2023-02-16 00:00:00-05:00,7.073999881744385,7.28000020980835,6.949999809265137,6.980000019073486,30458000,0.0,0.0,7696561664,7324924416,,30.333334,0.44,3.433044,1.3202757,3.267,,1.757,11.7,4.92,7.2883,7.9445,1057219968,
2023-02-17 00:00:00-05:00,6.889999866485596,6.960000038146973,6.510000228881836,6.619999885559082,30999500,0.0,0.0,7696561664,7324924416,,30.333334,0.44,3.433044,1.3202757,3.267,,1.757,11.7,4.92,7.2883,7.9445,1057219968,
2023-02-21 00:00:00-05:00,6.460000038146973,6.570000171661377,6.329999923706055,6.420000076293945,26332900,0.0,0.0,7696561664,7324924416,,30.333334,0.44,3.433044,1.3202757,3.267,,1.757,11.7,4.92,7.2883,7.9445,1057219968,
2023-02-22 00:00:00-05:00,6.400000095367432,6.579999923706055,6.369999885559082,6.539999961853027,22778900,0.0,0.0,7696561664,7324924416,,30.333334,0.44,3.433044,1.3202757,3.267,,1.757,11.7,4.92,7.2883,7.9445,1057219968,
2023-02-23 00:00:00-05:00,6.650000095367432,6.690000057220459,6.389999866485596,6.550000190734863,19210200,0.0,0.0,7696561664,7324924416,,30.333334,0.44,3.433044,1.3202757,3.267,,1.757,11.7,4.92,7.2883,7.9445,1057219968,
2023-02-24 00:00:00-05:00,6.380000114440918,6.449999809265137,6.309999942779541,6.380000114440918,16954200,0.0,0.0,7696561664,7324924416,,30.333334,0.44,3.433044,1.3202757,3.267,,1.757,11.7,4.92,7.2883,7.9445,1057219968,
2023-02-27 00:00:00-05:00,6.449999809265137,6.5,6.3420000076293945,6.420000076293945,19082100,0.0,0.0,7696561664,7324924416,,30.333334,0.44,3.433044,1.3202757,3.267,,1.757,11.7,4.92,7.2883,7.9445,1057219968,
2023-02-28 00:00:00-05:00,6.460000038146973,6.699999809265137,6.449999809265137,6.599999904632568,17430600,0.0,0.0,7696561664,7324924416,,30.333334,0.44,3.433044,1.3202757,3.267,,1.757,11.7,4.92,7.2883,7.9445,1057219968,
2023-03-01 00:00:00-05:00,6.579999923706055,6.619999885559082,6.429999828338623,6.440000057220459,19827300,0.0,0.0,7696561664,7324924416,,30.333334,0.44,3.433044,1.3202757,3.267,,1.757,11.7,4.92,7.2883,7.9445,1057219968,
2023-03-02 00:00:00-05:00,6.300000190734863,6.510000228881836,6.230000019073486,6.449999809265137,18003500,0.0,0.0,7696561664,7324924416,,30.333334,0.44,3.433044,1.3202757,3.267,,1.757,11.7,4.92,7.2883,7.9445,1057219968,
2023-03-03 00:00:00-05:00,6.480000019073486,6.789999961853027,6.460000038146973,6.71999979019165,25456400,0.0,0.0,7696561664,7324924416,,30.333334,0.44,3.433044,1.3202757,3.267,,1.757,11.7,4.92,7.2883,7.9445,1057219968,
2023-03-06 00:00:00-05:00,6.800000190734863,6.96999979019165,6.670000076293945,6.679999828338623,26214300,0.0,0.0,7696561664,7324924416,,30.333334,0.44,3.433044,1.3202757,3.267,,1.757,11.7,4.92,7.2883,7.9445,1057219968,
2023-03-07 00:00:00-05:00,6.710000038146973,6.710000038146973,6.420000076293945,6.510000228881836,28344300,0.0,0.0,7696561664,7324924416,,30.333334,0.44,3.433044,1.3202757,3.267,,1.757,11.7,4.92,7.2883,7.9445,1057219968,
2023-03-08 00:00:00-05:00,6.480000019073486,6.599999904632568,6.381999969482422,6.46999979019165,16558600,0.0,0.0,7696561664,7324924416,,30.333334,0.44,3.433044,1.3202757,3.267,,1.757,11.7,4.92,7.2883,7.9445,1057219968,
2023-03-09 00:00:00-05:00,6.420000076293945,6.554999828338623,6.065000057220459,6.090000152587891,27793300,0.0,0.0,7696561664,7324924416,,30.333334,0.44,3.433044,1.3202757,3.267,,1.757,11.7,4.92,7.2883,7.9445,1057219968,
2023-03-10 00:00:00-05:00,5.900000095367432,5.920000076293945,5.210000038146973,5.579999923706055,86809700,0.0,0.0,7696561664,7324924416,,30.333334,0.44,3.433044,1.3202757,3.267,,1.757,11.7,4.92,7.2883,7.9445,1057219968,
2023-03-13 00:00:00-04:00,5.460000038146973,5.570000171661377,5.099999904632568,5.489999771118164,59761300,0.0,0.0,7696561664,7324924416,,30.333334,0.44,3.433044,1.3202757,3.267,,1.757,11.7,4.92,7.2883,7.9445,1057219968,
2023-03-14 00:00:00-04:00,5.690000057220459,5.739999771118164,5.429999828338623,5.550000190734863,36750400,0.0,0.0,7696561664,7324924416,,30.333334,0.44,3.433044,1.3202757,3.267,,1.757,11.7,4.92,7.2883,7.9445,1057219968,
2023-03-15 00:00:00-04:00,5.335000038146973,5.460000038146973,5.275000095367432,5.409999847412109,34260500,0.0,0.0,7696561664,7324924416,,30.333334,0.44,3.433044,1.3202757,3.267,,1.757,11.7,4.92,7.2883,7.9445,1057219968,
2023-03-16 00:00:00-04:00,5.349999904632568,5.539999961853027,5.28000020980835,5.449999809265137,25128700,0.0,0.0,7696561664,7324924416,,30.333334,0.44,3.433044,1.3202757,3.267,,1.757,11.7,4.92,7.2883,7.9445,1057219968,
2023-03-17 00:00:00-04:00,5.46999979019165,5.539999961853027,5.329999923706055,5.460000038146973,27173200,0.0,0.0,7696561664,7324924416,,30.333334,0.44,3.433044,1.3202757,3.267,,1.757,11.7,4.92,7.2883,7.9445,1057219968,
2023-03-20 00:00:00-04:00,5.46999979019165,5.539999961853027,5.190000057220459,5.21999979019165,33271400,0.0,0.0,7696561664,7324924416,,30.333334,0.44,3.433044,1.3202757,3.267,,1.757,11.7,4.92,7.2883,7.9445,1057219968,
2023-03-21 00:00:00-04:00,5.349999904632568,5.599999904632568,5.320000171661377,5.570000171661377,29210300,0.0,0.0,7696561664,7324924416,,30.333334,0.44,3.433044,1.3202757,3.267,,1.757,11.7,4.92,7.2883,7.9445,1057219968,
2023-03-22 00:00:00-04:00,5.789999961853027,6.03000020980835,5.539999961853027,5.559999942779541,62273300,0.0,0.0,7696561664,7324924416,,30.333334,0.44,3.433044,1.3202757,3.267,,1.757,11.7,4.92,7.2883,7.9445,1057219968,
2023-03-23 00:00:00-04:00,5.650000095367432,5.880000114440918,5.570000171661377,5.78000020980835,35687800,0.0,0.0,7696561664,7324924416,,30.333334,0.44,3.433044,1.3202757,3.267,,1.757,11.7,4.92,7.2883,7.9445,1057219968,
2023-03-24 00:00:00-04:00,5.675000190734863,5.829999923706055,5.639999866485596,5.739999771118164,18657400,0.0,0.0,7696561664,7324924416,,30.333334,0.44,3.433044,1.3202757,3.267,,1.757,11.7,4.92,7.2883,7.9445,1057219968,
2023-03-27 00:00:00-04:00,5.820000171661377,5.880000114440918,5.730000019073486,5.760000228881836,24284700,0.0,0.0,7696561664,7324924416,,30.333334,0.44,3.433044,1.3202757,3.267,,1.757,11.7,4.92,7.2883,7.9445,1057219968,
2023-03-28 00:00:00-04:00,5.739999771118164,5.789999961853027,5.510000228881836,5.590000152587891,23185400,0.0,0.0,7696561664,7324924416,,30.333334,0.44,3.433044,1.3202757,3.267,,1.757,11.7,4.92,7.2883,7.9445,1057219968,
2023-03-29 00:00:00-04:00,5.690000057220459,5.920000076293945,5.650000095367432,5.75,28461800,0.0,0.0,7696561664,7324924416,,30.333334,0.44,3.433044,1.3202757,3.267,,1.757,11.7,4.92,7.2883,7.9445,1057219968,
2023-03-30 00:00:00-04:00,5.869999885559082,5.929999828338623,5.619999885559082,5.71999979019165,25094700,0.0,0.0,7696561664,7324924416,,30.333334,0.44,3.433044,1.3202757,3.267,,1.757,11.7,4.92,7.2883,7.9445,1057219968,
2023-03-31 00:00:00-04:00,5.75,6.170000076293945,5.670000076293945,6.070000171661377,41786800,0.0,0.0,7696561664,7324924416,,30.333334,0.44,3.433044,1.3202757,3.267,,1.757,11.7,4.92,7.2883,7.9445,1057219968,
2023-04-03 00:00:00-04:00,6.139999866485596,6.275000095367432,5.940000057220459,6.03000020980835,32121400,0.0,0.0,7696561664,7324924416,,30.333334,0.44,3.433044,1.3202757,3.267,,1.757,11.7,4.92,7.2883,7.9445,1057219968,
2023-04-04 00:00:00-04:00,6.099999904632568,6.099999904632568,5.835000038146973,5.889999866485596,19465200,0.0,0.0,7696561664,7324924416,,30.333334,0.44,3.433044,1.3202757,3.267,,1.757,11.7,4.92,7.2883,7.9445,1057219968,
2023-04-05 00:00:00-04:00,5.869999885559082,5.869999885559082,5.579999923706055,5.739999771118164,30541900,0.0,0.0,7696561664,7324924416,,30.333334,0.44,3.433044,1.3202757,3.267,,1.757,11.7,4.92,7.2883,7.9445,1057219968,
2023-04-06 00:00:00-04:00,5.699999809265137,5.809999942779541,5.610000133514404,5.75,25308100,0.0,0.0,7696561664,7324924416,,30.333334,0.44,3.433044,1.3202757,3.267,,1.757,11.7,4.92,7.2883,7.9445,1057219968,
2023-04-10 00:00:00-04:00,5.690000057220459,5.920000076293945,5.659999847412109,5.909999847412109,21151200,0.0,0.0,7696561664,7324924416,,30.333334,0.44,3.433044,1.3202757,3.267,,1.757,11.7,4.92,7.2883,7.9445,1057219968,
2023-04-11 00:00:00-04:00,5.909999847412109,6.019999980926514,5.860000133514404,5.96999979019165,26455400,0.0,0.0,7696561664,7324924416,,30.333334,0.44,3.433044,1.3202757,3.267,,1.757,11.7,4.92,7.2883,7.9445,1057219968,
2023-04-12 00:00:00-04:00,6.059999942779541,6.059999942779541,5.670000076293945,5.820000171661377,35905000,0.0,0.0,7696561664,7324924416,,30.333334,0.44,3.433044,1.3202757,3.267,,1.757,11.7,4.92,7.2883,7.9445,1057219968,
2023-04-13 00:00:00-04:00,5.909999847412109,5.980000019073486,5.823999881744385,5.860000133514404,20527100,0.0,0.0,7696561664,7324924416,,30.333334,0.44,3.433044,1.3202757,3.267,,1.757,11.7,4.92,7.2883,7.9445,1057219968,
2023-04-14 00:00:00-04:00,5.989999771118164,6.03000020980835,5.769999980926514,5.920000076293945,24086000,0.0,0.0,7696561664,7324924416,,30.333334,0.44,3.433044,1.3202757,3.267,,1.757,11.7,4.92,7.2883,7.9445,1057219968,
2023-04-17 00:00:00-04:00,5.889999866485596,6.0,5.809999942779541,5.960000038146973,24908100,0.0,0.0,7696561664,7324924416,,30.333334,0.44,3.433044,1.3202757,3.267,,1.757,11.7,4.92,7.2883,7.9445,1057219968,
2023-04-18 00:00:00-04:00,6.0,6.019999980926514,5.894999980926514,5.980000019073486,17036300,0.0,0.0,7696561664,7324924416,,30.333334,0.44,3.433044,1.3202757,3.267,,1.757,11.7,4.92,7.2883,7.9445,1057219968,
2023-04-19 00:00:00-04:00,5.900000095367432,6.099999904632568,5.869999885559082,6.079999923706055,18337500,0.0,0.0,7696561664,7324924416,,30.333334,0.44,3.433044,1.3202757,3.267,,1.757,11.7,4.92,7.2883,7.9445,1057219968,
2023-04-20 00:00:00-04:00,5.980000019073486,6.045000076293945,5.880000114440918,5.920000076293945,18844900,0.0,0.0,7696561664,7324924416,,30.333334,0.44,3.433044,1.3202757,3.267,,1.757,11.7,4.92,7.2883,7.9445,1057219968,
2023-04-21 00:00:00-04:00,5.900000095367432,5.989999771118164,5.849999904632568,5.940000057220459,16723200,0.0,0.0,7696561664,7324924416,,30.333334,0.44,3.433044,1.3202757,3.267,,1.757,11.7,4.92,7.2883,7.9445,1057219968,
2023-04-24 00:00:00-04:00,5.920000076293945,5.949999809265137,5.789999961853027,5.829999923706055,20058000,0.0,0.0,7696561664,7324924416,,30.333334,0.44,3.433044,1.3202757,3.267,,1.757,11.7,4.92,7.2883,7.9445,1057219968,
2023-04-25 00:00:00-04:00,5.775000095367432,5.840000152587891,5.71999979019165,5.75,21036200,0.0,0.0,7696561664,7324924416,,30.333334,0.44,3.433044,1.3202757,3.267,,1.757,11.7,4.92,7.2883,7.9445,1057219968,
2023-04-26 00:00:00-04:00,5.809999942779541,5.880000114440918,5.659999847412109,5.670000076293945,24210900,0.0,0.0,7696561664,7324924416,,30.333334,0.44,3.433044,1.3202757,3.267,,1.757,11.7,4.92,7.2883,7.9445,1057219968,
2023-04-27 00:00:00-04:00,5.769999980926514,6.190000057220459,5.75,6.059999942779541,43199900,0.0,0.0,7696561664,7324924416,,30.333334,0.44,3.433044,1.3202757,3.267,,1.757,11.7,4.92,7.2883,7.9445,1057219968,
2023-04-28 00:00:00-04:00,6.150000095367432,6.300000190734863,5.940000057220459,6.230000019073486,55605100,0.0,0.0,7696561664,7324924416,,30.333334,0.44,3.433044,1.3202757,3.267,,1.757,11.7,4.92,7.2883,7.9445,1057219968,
2023-05-01 00:00:00-04:00,6.519999980926514,6.539999961853027,5.460000038146973,5.46999979019165,125423700,0.0,0.0,7696561664,7324924416,,30.333334,0.44,3.433044,1.3202757,3.267,,1.757,11.7,4.92,7.2883,7.9445,1057219968,
2023-05-02 00:00:00-04:00,5.260000228881836,5.300000190734863,4.71999979019165,4.90500020980835,115499500,0.0,0.0,7696561664,7324924416,,30.333334,0.44,3.433044,1.3202757,3.267,,1.757,11.7,4.92,7.2883,7.9445,1057219968,
2023-05-03 00:00:00-04:00,4.96999979019165,5.078999996185303,4.75,4.849999904632568,64212800,0.0,0.0,7696561664,7324924416,,30.333334,0.44,3.433044,1.3202757,3.267,,1.757,11.7,4.92,7.2883,7.9445,1057219968,
2023-05-04 00:00:00-04:00,4.78000020980835,4.914999961853027,4.590000152587891,4.894999980926514,59715600,0.0,0.0,7696561664,7324924416,,30.333334,0.44,3.433044,1.3202757,3.267,,1.757,11.7,4.92,7.2883,7.9445,1057219968,
2023-05-05 00:00:00-04:00,5.010000228881836,5.170000076293945,4.989999771118164,5.159999847412109,40830500,0.0,0.0,7696561664,7324924416,,30.333334,0.44,3.433044,1.3202757,3.267,,1.757,11.7,4.92,7.2883,7.9445,1057219968,
2023-05-08 00:00:00-04:00,5.179999828338623,5.489999771118164,5.179999828338623,5.46999979019165,39933900,0.0,0.0,7696561664,7324924416,,30.333334,0.44,3.433044,1.3202757,3.267,,1.757,11.7,4.92,7.2883,7.9445,1057219968,
2023-05-09 00:00:00-04:00,5.349999904632568,5.550000190734863,5.340000152587891,5.409999847412109,26785200,0.0,0.0,7696561664,7324924416,,30.333334,0.44,3.433044,1.3202757,3.267,,1.757,11.7,4.92,7.2883,7.9445,1057219968,
2023-05-10 00:00:00-04:00,5.579999923706055,5.599999904632568,5.380000114440918,5.480000019073486,28624400,0.0,0.0,7696561664,7324924416,,30.333334,0.44,3.433044,1.3202757,3.267,,1.757,11.7,4.92,7.2883,7.9445,1057219968,
2023-05-11 00:00:00-04:00,5.440000057220459,5.440000057220459,5.119999885559082,5.139999866485596,36075600,0.0,0.0,7696561664,7324924416,,30.333334,0.44,3.433044,1.3202757,3.267,,1.757,11.7,4.92,7.2883,7.9445,1057219968,
2023-05-12 00:00:00-04:00,5.170000076293945,5.21999979019165,4.925000190734863,5.019999980926514,44397600,0.0,0.0,7696561664,7324924416,,30.333334,0.44,3.433044,1.3202757,3.267,,1.757,11.7,4.92,7.2883,7.9445,1057219968,
2023-05-15 00:00:00-04:00,4.679999828338623,4.840000152587891,4.449999809265137,4.769999980926514,103290700,0.0,0.0,7696561664,7324924416,,30.333334,0.44,3.433044,1.3202757,3.267,,1.757,11.7,4.92,7.2883,7.9445,1057219968,
2023-05-16 00:00:00-04:00,4.789999961853027,4.820000171661377,4.610000133514404,4.760000228881836,38510800,0.0,0.0,7696561664,7324924416,,30.333334,0.44,3.433044,1.3202757,3.267,,1.757,11.7,4.92,7.2883,7.9445,1057219968,
2023-05-17 00:00:00-04:00,4.760000228881836,4.980000019073486,4.690000057220459,4.960000038146973,42730500,0.0,0.0,7696561664,7324924416,,30.333334,0.44,3.433044,1.3202757,3.267,,1.757,11.7,4.92,7.2883,7.9445,1057219968,
2023-05-18 00:00:00-04:00,4.980000019073486,5.135000228881836,4.920000076293945,5.070000171661377,35183400,0.0,0.0,7696561664,7324924416,,30.333334,0.44,3.433044,1.3202757,3.267,,1.757,11.7,4.92,7.2883,7.9445,1057219968,
2023-05-19 00:00:00-04:00,5.070000171661377,5.130000114440918,4.909999847412109,4.929999828338623,25737600,0.0,0.0,7696561664,7324924416,,30.333334,0.44,3.433044,1.3202757,3.267,,1.757,11.7,4.92,7.2883,7.9445,1057219968,
2023-05-22 00:00:00-04:00,4.989999771118164,5.340000152587891,4.920000076293945,5.260000228881836,42509300,0.0,0.0,7696561664,7324924416,,30.333334,0.44,3.433044,1.3202757,3.267,,1.757,11.7,4.92,7.2883,7.9445,1057219968,
2023-05-23 00:00:00-04:00,5.239999771118164,5.489999771118164,5.21999979019165,5.289999961853027,43878300,0.0,0.0,7696561664,7324924416,,30.333334,0.44,3.433044,1.3202757,3.267,,1.757,11.7,4.92,7.2883,7.9445,1057219968,
2023-05-24 00:00:00-04:00,5.199999809265137,5.329999923706055,5.130000114440918,5.309999942779541,23887800,0.0,0.0,7696561664,7324924416,,30.333334,0.44,3.433044,1.3202757,3.267,,1.757,11.7,4.92,7.2883,7.9445,1057219968,
2023-05-25 00:00:00-04:00,5.389999866485596,5.400000095367432,5.090000152587891,5.210000038146973,24474900,0.0,0.0,7696561664,7324924416,,30.333334,0.44,3.433044,1.3202757,3.267,,1.757,11.7,4.92,7.2883,7.9445,1057219968,
2023-05-26 00:00:00-04:00,5.239999771118164,5.480000019073486,5.21999979019165,5.409999847412109,26982900,0.0,0.0,7696561664,7324924416,,30.333334,0.44,3.433044,1.3202757,3.267,,1.757,11.7,4.92,7.2883,7.9445,1057219968,
2023-05-30 00:00:00-04:00,5.809999942779541,6.050000190734863,5.590000152587891,6.03000020980835,68003300,0.0,0.0,7696561664,7324924416,,30.333334,0.44,3.433044,1.3202757,3.267,,1.757,11.7,4.92,7.2883,7.9445,1057219968,
2023-05-31 00:00:00-04:00,6.199999809265137,7.019999980926514,6.099999904632568,6.940000057220459,152429200,0.0,0.0,7696561664,7324924416,,30.333334,0.44,3.433044,1.3202757,3.267,,1.757,11.7,4.92,7.2883,7.9445,1057219968,
2023-06-01 00:00:00-04:00,6.710000038146973,7.260000228881836,6.630000114440918,6.820000171661377,108760600,0.0,0.0,7696561664,7324924416,,30.333334,0.44,3.433044,1.3202757,3.267,,1.757,11.7,4.92,7.2883,7.9445,1057219968,
2023-06-02 00:00:00-04:00,7.110000133514404,7.110000133514404,6.710000038146973,7.03000020980835,63316100,0.0,0.0,7696561664,7324924416,,30.333334,0.44,3.433044,1.3202757,3.267,,1.757,11.7,4.92,7.2883,7.9445,1057219968,
2023-06-05 00:00:00-04:00,7.119999885559082,7.599999904632568,7.074999809265137,7.25,69556200,0.0,0.0,7696561664,7324924416,,30.333334,0.44,3.433044,1.3202757,3.267,,1.757,11.7,4.92,7.2883,7.9445,1057219968,
2023-06-06 00:00:00-04:00,7.179999828338623,7.755000114440918,7.139999866485596,7.650000095367432,56839700,0.0,0.0,7696561664,7324924416,,30.333334,0.44,3.433044,1.3202757,3.267,,1.757,11.7,4.92,7.2883,7.9445,1057219968,
2023-06-07 00:00:00-04:00,7.860000133514404,8.0,7.639999866485596,7.739999771118164,60872200,0.0,0.0,7696561664,7324924416,,30.333334,0.44,3.433044,1.3202757,3.267,,1.757,11.7,4.92,7.2883,7.9445,1057219968,
2023-06-08 00:00:00-04:00,7.690000057220459,8.199999809265137,7.659999847412109,8.119999885559082,66988400,0.0,0.0,7696561664,7324924416,,30.333334,0.44,3.433044,1.3202757,3.267,,1.757,11.7,4.92,7.2883,7.9445,1057219968,
2023-06-09 00:00:00-04:00,8.25,8.8100004196167,8.109999656677246,8.180000305175781,84720300,0.0,0.0,7696561664,7324924416,,30.333334,0.44,3.433044,1.3202757,3.267,,1.757,11.7,4.92,7.2883,7.9445,1057219968,
2023-06-12 00:00:00-04:00,8.460000038146973,9.300000190734863,8.399999618530273,9.15999984741211,117905100,0.0,0.0,7696561664,7324924416,,30.333334,0.44,3.433044,1.3202757,3.267,,1.757,11.7,4.92,7.2883,7.9445,1057219968,
2023-06-13 00:00:00-04:00,9.539999961853027,9.609999656677246,8.890000343322754,9.539999961853027,108293500,0.0,0.0,7696561664,7324924416,,30.333334,0.44,3.433044,1.3202757,3.267,,1.757,11.7,4.92,7.2883,7.9445,1057219968,
2023-06-14 00:00:00-04:00,9.789999961853027,10.229999542236328,9.289999961853027,9.739999771118164,128420300,0.0,0.0,7696561664,7324924416,,30.333334,0.44,3.433044,1.3202757,3.267,,1.757,11.7,4.92,7.2883,7.9445,1057219968,
2023-06-15 00:00:00-04:00,9.180000305175781,9.579999923706055,8.880000114440918,9.550000190734863,97639300,0.0,0.0,7696561664,7324924416,,30.333334,0.44,3.433044,1.3202757,3.267,,1.757,11.7,4.92,7.2883,7.9445,1057219968,
2023-06-16 00:00:00-04:00,8.90999984741211,9.180000305175781,8.5,8.600000381469727,107236500,0.0,0.0,7696561664,7324924416,,30.333334,0.44,3.433044,1.3202757,3.267,,1.757,11.7,4.92,7.2883,7.9445,1057219968,
2023-06-20 00:00:00-04:00,8.3100004196167,8.640000343322754,8.199999809265137,8.59000015258789,49114900,0.0,0.0,7696561664,7324924416,,30.333334,0.44,3.433044,1.3202757,3.267,,1.757,11.7,4.92,7.2883,7.9445,1057219968,
2023-06-21 00:00:00-04:00,8.510000228881836,8.770000457763672,8.34000015258789,8.630000114440918,37733600,0.0,0.0,7696561664,7324924416,,30.333334,0.44,3.433044,1.3202757,3.267,,1.757,11.7,4.92,7.2883,7.9445,1057219968,
2023-06-22 00:00:00-04:00,8.539999961853027,8.6899995803833,8.350000381469727,8.489999771118164,30149500,0.0,0.0,7696561664,7324924416,,30.333334,0.44,3.433044,1.3202757,3.267,,1.757,11.7,4.92,7.2883,7.9445,1057219968,
2023-06-23 00:00:00-04:00,7.909999847412109,8.289999961853027,7.710000038146973,8.279999732971191,62118500,0.0,0.0,7696561664,7324924416,,30.333334,0.44,3.433044,1.3202757,3.267,,1.757,11.7,4.92,7.2883,7.9445,1057219968,
2023-06-26 00:00:00-04:00,8.239999771118164,8.65999984741211,8.140000343322754,8.199999809265137,33526600,0.0,0.0,7696561664,7324924416,,30.333334,0.44,3.433044,1.3202757,3.267,,1.757,11.7,4.92,7.2883,7.9445,1057219968,
2023-06-27 00:00:00-04:00,8.329999923706055,8.720000267028809,8.319999694824219,8.640000343322754,39402300,0.0,0.0,7696561664,7324924416,,30.333334,0.44,3.433044,1.3202757,3.267,,1.757,11.7,4.92,7.2883,7.9445,1057219968,
2023-06-28 00:00:00-04:00,8.59000015258789,9.09000015258789,8.579999923706055,8.869999885559082,36374400,0.0,0.0,7696561664,7324924416,,30.333334,0.44,3.433044,1.3202757,3.267,,1.757,11.7,4.92,7.2883,7.9445,1057219968,
2023-06-29 00:00:00-04:00,9.069999694824219,9.279999732971191,8.600000381469727,8.710000038146973,42722400,0.0,0.0,7696561664,7324924416,,30.333334,0.44,3.433044,1.3202757,3.267,,1.757,11.7,4.92,7.2883,7.9445,1057219968,
2023-06-30 00:00:00-04:00,8.920000076293945,9.40999984741211,8.319999694824219,8.34000015258789,98034000,0.0,0.0,7696561664,7324924416,,30.333334,0.44,3.433044,1.3202757,3.267,,1.757,11.7,4.92,7.2883,7.9445,1057219968,
2023-07-03 00:00:00-04:00,8.359999656677246,8.640000343322754,8.350000381469727,8.520000457763672,26842000,0.0,0.0,7696561664,7324924416,,30.333334,0.44,3.433044,1.3202757,3.267,,1.757,11.7,4.92,7.2883,7.9445,1057219968,
2023-07-05 00:00:00-04:00,8.489999771118164,8.680000305175781,8.3100004196167,8.380000114440918,26954600,0.0,0.0,7696561664,7324924416,,30.333334,0.44,3.433044,1.3202757,3.267,,1.757,11.7,4.92,7.2883,7.9445,1057219968,
2023-07-06 00:00:00-04:00,8.229999542236328,8.260000228881836,7.855000019073486,8.100000381469727,38013800,0.0,0.0,7696561664,7324924416,,30.333334,0.44,3.433044,1.3202757,3.267,,1.757,11.7,4.92,7.2883,7.9445,1057219968,
2023-07-07 00:00:00-04:00,8.09000015258789,8.300000190734863,8.029999732971191,8.050000190734863,22681400,0.0,0.0,7696561664,7324924416,,30.333334,0.44,3.433044,1.3202757,3.267,,1.757,11.7,4.92,7.2883,7.9445,1057219968,
2023-07-10 00:00:00-04:00,8.100000381469727,8.720000267028809,8.039999961853027,8.710000038146973,38750100,0.0,0.0,7696561664,7324924416,,30.333334,0.44,3.433044,1.3202757,3.267,,1.757,11.7,4.92,7.2883,7.9445,1057219968,
2023-07-11 00:00:00-04:00,8.8100004196167,9.199999809265137,8.75,9.069999694824219,52586400,0.0,0.0,7696561664,7324924416,,30.333334,0.44,3.433044,1.3202757,3.267,,1.757,11.7,4.92,7.2883,7.9445,1057219968,
2023-07-12 00:00:00-04:00,9.34000015258789,9.390000343322754,9.0,9.199999809265137,41158600,0.0,0.0,7696561664,7324924416,,30.333334,0.44,3.433044,1.3202757,3.267,,1.757,11.7,4.92,7.2883,7.9445,1057219968,
2023-07-13 00:00:00-04:00,8.920000076293945,9.239999771118164,8.770000457763672,9.15999984741211,43361100,0.0,0.0,7696561664,7324924416,,30.333334,0.44,3.433044,1.3202757,3.267,,1.757,11.7,4.92,7.2883,7.9445,1057219968,
2023-07-14 00:00:00-04:00,9.220000267028809,9.449999809265137,8.9399995803833,9.079999923706055,38350800,0.0,0.0,7696561664,7324924416,,30.333334,0.44,3.433044,1.3202757,3.267,,1.757,11.7,4.92,7.2883,7.9445,1057219968,
2023-07-17 00:00:00-04:00,9.039999961853027,9.805000305175781,8.989999771118164,9.479999542236328,48308500,0.0,0.0,7696561664,7324924416,,30.333334,0.44,3.433044,1.3202757,3.267,,1.757,11.7,4.92,7.2883,7.9445,1057219968,
2023-07-18 00:00:00-04:00,9.550000190734863,9.739999771118164,9.432999610900879,9.569999694824219,33895900,0.0,0.0,7696561664,7324924416,,30.333334,0.44,3.433044,1.3202757,3.267,,1.757,11.7,4.92,7.2883,7.9445,1057219968,
2023-07-19 00:00:00-04:00,9.760000228881836,10.130000114440918,9.645000457763672,9.850000381469727,50051500,0.0,0.0,7696561664,7324924416,,30.333334,0.44,3.433044,1.3202757,3.267,,1.757,11.7,4.92,7.2883,7.9445,1057219968,
2023-07-20 00:00:00-04:00,9.630000114440918,9.989999771118164,9.369999885559082,9.569999694824219,41587700,0.0,0.0,7696561664,7324924416,,30.333334,0.44,3.433044,1.3202757,3.267,,1.757,11.7,4.92,7.2883,7.9445,1057219968,
2023-07-21 00:00:00-04:00,9.675000190734863,9.699999809265137,9.260000228881836,9.430000305175781,34444800,0.0,0.0,7696561664,7324924416,,30.333334,0.44,3.433044,1.3202757,3.267,,1.757,11.7,4.92,7.2883,7.9445,1057219968,
2023-07-24 00:00:00-04:00,9.4399995803833,9.5600004196167,9.295000076293945,9.449999809265137,26643500,0.0,0.0,7696561664,7324924416,,30.333334,0.44,3.433044,1.3202757,3.267,,1.757,11.7,4.92,7.2883,7.9445,1057219968,
2023-07-25 00:00:00-04:00,9.399999618530273,9.779999732971191,9.3100004196167,9.329999923706055,38811100,0.0,0.0,7696561664,7324924416,,30.333334,0.44,3.433044,1.3202757,3.267,,1.757,11.7,4.92,7.2883,7.9445,1057219968,
2023-07-26 00:00:00-04:00,9.260000228881836,9.539999961853027,9.210000038146973,9.520000457763672,34922300,0.0,0.0,7696561664,7324924416,,30.333334,0.44,3.433044,1.3202757,3.267,,1.757,11.7,4.92,7.2883,7.9445,1057219968,
2023-07-27 00:00:00-04:00,9.710000038146973,9.729999542236328,8.9399995803833,9.09000015258789,45958200,0.0,0.0,7696561664,7324924416,,30.333334,0.44,3.433044,1.3202757,3.267,,1.757,11.7,4.92,7.2883,7.9445,1057219968,
2023-07-28 00:00:00-04:00,9.359999656677246,9.600000381469727,9.15999984741211,9.550000190734863,58205300,0.0,0.0,7696561664,7324924416,,30.333334,0.44,3.433044,1.3202757,3.267,,1.757,11.7,4.92,7.2883,7.9445,1057219968,
2023-07-31 00:00:00-04:00,10.390000343322754,11.699999809265137,10.300000190734863,11.449999809265137,210958900,0.0,0.0,7696561664,7324924416,,30.333334,0.44,3.433044,1.3202757,3.267,,1.757,11.7,4.92,7.2883,7.9445,1057219968,
2023-08-01 00:00:00-04:00,11.0600004196167,11.100000381469727,10.3100004196167,10.350000381469727,88881800,0.0,0.0,7696561664,7324924416,,30.333334,0.44,3.433044,1.3202757,3.267,,1.757,11.7,4.92,7.2883,7.9445,1057219968,
2023-08-02 00:00:00-04:00,10.119999885559082,10.279999732971191,9.720000267028809,10.079999923706055,62865900,0.0,0.0,7696561664,7324924416,,30.333334,0.44,3.433044,1.3202757,3.267,,1.757,11.7,4.92,7.2883,7.9445,1057219968,
2023-08-03 00:00:00-04:00,9.920000076293945,10.170000076293945,9.859999656677246,10.050000190734863,37651500,0.0,0.0,7696561664,7324924416,,30.333334,0.44,3.433044,1.3202757,3.267,,1.757,11.7,4.92,7.2883,7.9445,1057219968,
2023-08-04 00:00:00-04:00,10.079999923706055,10.100000381469727,9.470000267028809,9.5,42370200,0.0,0.0,7696561664,7324924416,,30.333334,0.44,3.433044,1.3202757,3.267,,1.757,11.7,4.92,7.2883,7.9445,1057219968,
2023-08-07 00:00:00-04:00,9.5,9.569999694824219,9.15999984741211,9.390000343322754,31682000,0.0,0.0,7696561664,7324924416,,30.333334,0.44,3.433044,1.3202757,3.267,,1.757,11.7,4.92,7.2883,7.9445,1057219968,
2023-08-08 00:00:00-04:00,9.029999732971191,9.449999809265137,9.010000228881836,9.3100004196167,28127800,0.0,0.0,7696561664,7324924416,,30.333334,0.44,3.433044,1.3202757,3.267,,1.757,11.7,4.92,7.2883,7.9445,1057219968,
2023-08-09 00:00:00-04:00,9.270000457763672,9.270000457763672,8.800000190734863,8.989999771118164,43368300,0.0,0.0,7696561664,7324924416,,30.333334,0.44,3.433044,1.3202757,3.267,,1.757,11.7,4.92,7.2883,7.9445,1057219968,
2023-08-10 00:00:00-04:00,9.09000015258789,9.239999771118164,8.720000267028809,8.720000267028809,37657800,0.0,0.0,7696561664,7324924416,,30.333334,0.44,3.433044,1.3202757,3.267,,1.757,11.7,4.92,7.2883,7.9445,1057219968,
2023-08-11 00:00:00-04:00,8.529999732971191,8.699999809265137,8.420000076293945,8.649999618530273,26833600,0.0,0.0,7696561664,7324924416,,30.333334,0.44,3.433044,1.3202757,3.267,,1.757,11.7,4.92,7.2883,7.9445,1057219968,
2023-08-14 00:00:00-04:00,8.520000457763672,8.710000038146973,8.359999656677246,8.680000305175781,27735500,0.0,0.0,7696561664,7324924416,,30.333334,0.44,3.433044,1.3202757,3.267,,1.757,11.7,4.92,7.2883,7.9445,1057219968,
2023-08-15 00:00:00-04:00,8.600000381469727,8.600000381469727,8.34000015258789,8.369999885559082,23709300,0.0,0.0,7696561664,7324924416,,30.333334,0.44,3.433044,1.3202757,3.267,,1.757,11.7,4.92,7.2883,7.9445,1057219968,
2023-08-16 00:00:00-04:00,8.229999542236328,8.430000305175781,8.210000038146973,8.260000228881836,23398900,0.0,0.0,7696561664,7324924416,,30.333334,0.44,3.433044,1.3202757,3.267,,1.757,11.7,4.92,7.2883,7.9445,1057219968,
2023-08-17 00:00:00-04:00,8.350000381469727,8.40999984741211,8.079999923706055,8.109999656677246,29582400,0.0,0.0,7696561664,7324924416,,30.333334,0.44,3.433044,1.3202757,3.267,,1.757,11.7,4.92,7.2883,7.9445,1057219968,
2023-08-18 00:00:00-04:00,7.920000076293945,8.289999961853027,7.889999866485596,8.220000267028809,27173100,0.0,0.0,7696561664,7324924416,,30.333334,0.44,3.433044,1.3202757,3.267,,1.757,11.7,4.92,7.2883,7.9445,1057219968,
2023-08-21 00:00:00-04:00,8.25,8.329999923706055,8.079999923706055,8.289999961853027,22676600,0.0,0.0,7696561664,7324924416,,30.333334,0.44,3.433044,1.3202757,3.267,,1.757,11.7,4.92,7.2883,7.9445,1057219968,
2023-08-22 00:00:00-04:00,8.399999618530273,8.470000267028809,8.109999656677246,8.149999618530273,23164700,0.0,0.0,7696561664,7324924416,,30.333334,0.44,3.433044,1.3202757,3.267,,1.757,11.7,4.92,7.2883,7.9445,1057219968,
2023-08-23 00:00:00-04:00,8.079999923706055,8.470000267028809,8.0600004196167,8.430000305175781,21855700,0.0,0.0,7696561664,7324924416,,30.333334,0.44,3.433044,1.3202757,3.267,,1.757,11.7,4.92,7.2883,7.9445,1057219968,
2023-08-24 00:00:00-04:00,8.479999542236328,8.5,8.079999923706055,8.119999885559082,26080600,0.0,0.0,7696561664,7324924416,,30.333334,0.44,3.433044,1.3202757,3.267,,1.757,11.7,4.92,7.2883,7.9445,1057219968,
2023-08-25 00:00:00-04:00,8.119999885559082,8.430000305175781,8.0600004196167,8.289999961853027,24163700,0.0,0.0,7696561664,7324924416,,30.333334,0.44,3.433044,1.3202757,3.267,,1.757,11.7,4.92,7.2883,7.9445,1057219968,
2023-08-28 00:00:00-04:00,8.380000114440918,8.420000076293945,8.170000076293945,8.229999542236328,17488700,0.0,0.0,7696561664,7324924416,,30.333334,0.44,3.433044,1.3202757,3.267,,1.757,11.7,4.92,7.2883,7.9445,1057219968,
2023-08-29 00:00:00-04:00,8.180000305175781,8.579999923706055,8.15999984741211,8.460000038146973,24487400,0.0,0.0,7696561664,7324924416,,30.333334,0.44,3.433044,1.3202757,3.267,,1.757,11.7,4.92,7.2883,7.9445,1057219968,
2023-08-30 00:00:00-04:00,8.460000038146973,8.779999732971191,8.359999656677246,8.739999771118164,26123600,0.0,0.0,7696561664,7324924416,,30.333334,0.44,3.433044,1.3202757,3.267,,1.757,11.7,4.92,7.2883,7.9445,1057219968,
2023-08-31 00:00:00-04:00,8.779999732971191,8.869999885559082,8.520000457763672,8.65999984741211,26175600,0.0,0.0,7696561664,7324924416,,30.333334,0.44,3.433044,1.3202757,3.267,,1.757,11.7,4.92,7.2883,7.9445,1057219968,
2023-09-01 00:00:00-04:00,8.770000457763672,8.925000190734863,8.720000267028809,8.789999961853027,17694500,0.0,0.0,7696561664,7324924416,,30.333334,0.44,3.433044,1.3202757,3.267,,1.757,11.7,4.92,7.2883,7.9445,1057219968,
2023-09-05 00:00:00-04:00,8.75,8.875,8.619999885559082,8.75,18906300,0.0,0.0,7696561664,7324924416,,30.333334,0.44,3.433044,1.3202757,3.267,,1.757,11.7,4.92,7.2883,7.9445,1057219968,
2023-09-06 00:00:00-04:00,8.729999542236328,8.8100004196167,8.430000305175781,8.539999961853027,23909700,0.0,0.0,7696561664,7324924416,,30.333334,0.44,3.433044,1.3202757,3.267,,1.757,11.7,4.92,7.2883,7.9445,1057219968,
2023-09-07 00:00:00-04:00,8.350000381469727,8.579999923706055,8.220000267028809,8.569999694824219,19320700,0.0,0.0,7696561664,7324924416,,30.333334,0.44,3.433044,1.3202757,3.267,,1.757,11.7,4.92,7.2883,7.9445,1057219968,
2023-09-08 00:00:00-04:00,8.539999961853027,8.670000076293945,8.449999809265137,8.550000190734863,15045300,0.0,0.0,7696561664,7324924416,,30.333334,0.44,3.433044,1.3202757,3.267,,1.757,11.7,4.92,7.2883,7.9445,1057219968,
2023-09-11 00:00:00-04:00,8.649999618530273,8.920000076293945,8.640000343322754,8.899999618530273,19320600,0.0,0.0,7696561664,7324924416,,30.333334,0.44,3.433044,1.3202757,3.267,,1.757,11.7,4.92,7.2883,7.9445,1057219968,
2023-09-12 00:00:00-04:00,8.789999961853027,9.187999725341797,8.789999961853027,9.0,25495600,0.0,0.0,7696561664,7324924416,,30.333334,0.44,3.433044,1.3202757,3.267,,1.757,11.7,4.92,7.2883,7.9445,1057219968,
2023-09-13 00:00:00-04:00,9.0,9.09000015258789,8.770000457763672,8.800000190734863,16819200,0.0,0.0,7696561664,7324924416,,30.333334,0.44,3.433044,1.3202757,3.267,,1.757,11.7,4.92,7.2883,7.9445,1057219968,
2023-09-14 00:00:00-04:00,8.890000343322754,9.180000305175781,8.859999656677246,9.050000190734863,23642000,0.0,0.0,7696561664,7324924416,,30.333334,0.44,3.433044,1.3202757,3.267,,1.757,11.7,4.92,7.2883,7.9445,1057219968,
2023-09-15 00:00:00-04:00,9.0,9.140000343322754,8.880000114440918,9.069999694824219,30416800,0.0,0.0,7696561664,7324924416,,30.333334,0.44,3.433044,1.3202757,3.267,,1.757,11.7,4.92,7.2883,7.9445,1057219968,
2023-09-18 00:00:00-04:00,9.050000190734863,9.069999694824219,8.630000114440918,8.670000076293945,22678700,0.0,0.0,7696561664,7324924416,,30.333334,0.44,3.433044,1.3202757,3.267,,1.757,11.7,4.92,7.2883,7.9445,1057219968,
2023-09-19 00:00:00-04:00,8.649999618530273,8.869999885559082,8.539999961853027,8.619999885559082,18091600,0.0,0.0,7696561664,7324924416,,30.333334,0.44,3.433044,1.3202757,3.267,,1.757,11.7,4.92,7.2883,7.9445,1057219968,
2023-09-20 00:00:00-04:00,8.670000076293945,8.789999961853027,8.3100004196167,8.319999694824219,21643900,0.0,0.0,7696561664,7324924416,,30.333334,0.44,3.433044,1.3202757,3.267,,1.757,11.7,4.92,7.2883,7.9445,1057219968,
2023-09-21 00:00:00-04:00,8.109999656677246,8.149999618530273,7.909999847412109,7.949999809265137,29426500,0.0,0.0,7696561664,7324924416,,30.333334,0.44,3.433044,1.3202757,3.267,,1.757,11.7,4.92,7.2883,7.9445,1057219968,
2023-09-22 00:00:00-04:00,8.029999732971191,8.050000190734863,7.440000057220459,7.539999961853027,38736100,0.0,0.0,7696561664,7324924416,,30.333334,0.44,3.433044,1.3202757,3.267,,1.757,11.7,4.92,7.2883,7.9445,1057219968,
2023-09-25 00:00:00-04:00,7.460000038146973,7.65500020980835,7.400000095367432,7.510000228881836,23107800,0.0,0.0,7696561664,7324924416,,30.333334,0.44,3.433044,1.3202757,3.267,,1.757,11.7,4.92,7.2883,7.9445,1057219968,
2023-09-26 00:00:00-04:00,7.400000095367432,7.590000152587891,7.369999885559082,7.400000095367432,22544900,0.0,0.0,7696561664,7324924416,,30.333334,0.44,3.433044,1.3202757,3.267,,1.757,11.7,4.92,7.2883,7.9445,1057219968,
2023-09-27 00:00:00-04:00,7.480000019073486,7.6570000648498535,7.389999866485596,7.599999904632568,28227000,0.0,0.0,7696561664,7324924416,,30.333334,0.44,3.433044,1.3202757,3.267,,1.757,11.7,4.92,7.2883,7.9445,1057219968,
2023-09-28 00:00:00-04:00,7.599999904632568,7.840000152587891,7.53000020980835,7.769999980926514,23539600,0.0,0.0,7696561664,7324924416,,30.333334,0.44,3.433044,1.3202757,3.267,,1.757,11.7,4.92,7.2883,7.9445,1057219968,
2023-09-29 00:00:00-04:00,7.920000076293945,8.300000190734863,7.909999847412109,7.989999771118164,28742000,0.0,0.0,7696561664,7324924416,,30.333334,0.44,3.433044,1.3202757,3.267,,1.757,11.7,4.92,7.2883,7.9445,1057219968,
2023-10-02 00:00:00-04:00,8.079999923706055,8.15999984741211,7.800000190734863,7.840000152587891,20000300,0.0,0.0,7696561664,7324924416,,30.333334,0.44,3.433044,1.3202757,3.267,,1.757,11.7,4.92,7.2883,7.9445,1057219968,
2023-10-03 00:00:00-04:00,7.710000038146973,7.75,7.179999828338623,7.28000020980835,36674900,0.0,0.0,7696561664,7324924416,,30.333334,0.44,3.433044,1.3202757,3.267,,1.757,11.7,4.92,7.2883,7.9445,1057219968,
2023-10-04 00:00:00-04:00,7.409999847412109,7.489999771118164,7.139999866485596,7.46999979019165,23978900,0.0,0.0,7696561664,7324924416,,30.333334,0.44,3.433044,1.3202757,3.267,,1.757,11.7,4.92,7.2883,7.9445,1057219968,
2023-10-05 00:00:00-04:00,7.420000076293945,7.710000038146973,7.300000190734863,7.650000095367432,17072900,0.0,0.0,7696561664,7324924416,,30.333334,0.44,3.433044,1.3202757,3.267,,1.757,11.7,4.92,7.2883,7.9445,1057219968,
2023-10-06 00:00:00-04:00,7.510000228881836,8.029999732971191,7.5,7.989999771118164,23311700,0.0,0.0,7696561664,7324924416,,30.333334,0.44,3.433044,1.3202757,3.267,,1.757,11.7,4.92,7.2883,7.9445,1057219968,
2023-10-09 00:00:00-04:00,7.78000020980835,8.199999809265137,7.769999980926514,8.180000305175781,17191900,0.0,0.0,7696561664,7324924416,,30.333334,0.44,3.433044,1.3202757,3.267,,1.757,11.7,4.92,7.2883,7.9445,1057219968,
2023-10-10 00:00:00-04:00,8.25,8.529999732971191,8.210000038146973,8.359999656677246,20874200,0.0,0.0,7696561664,7324924416,,30.333334,0.44,3.433044,1.3202757,3.267,,1.757,11.7,4.92,7.2883,7.9445,1057219968,
2023-10-11 00:00:00-04:00,8.449999809265137,8.725000381469727,8.449999809265137,8.59000015258789,22512700,0.0,0.0,7696561664,7324924416,,30.333334,0.44,3.433044,1.3202757,3.267,,1.757,11.7,4.92,7.2883,7.9445,1057219968,
2023-10-12 00:00:00-04:00,8.640000343322754,8.664999961853027,8.279999732971191,8.390000343322754,22155400,0.0,0.0,7696561664,7324924416,,30.333334,0.44,3.433044,1.3202757,3.267,,1.757,11.7,4.92,7.2883,7.9445,1057219968,
2023-10-13 00:00:00-04:00,8.4399995803833,8.475000381469727,8.0649995803833,8.119999885559082,21977600,0.0,0.0,7696561664,7324924416,,30.333334,0.44,3.433044,1.3202757,3.267,,1.757,11.7,4.92,7.2883,7.9445,1057219968,
2023-10-16 00:00:00-04:00,8.239999771118164,8.350000381469727,8.079999923706055,8.25,16675200,0.0,0.0,7696561664,7324924416,,30.333334,0.44,3.433044,1.3202757,3.267,,1.757,11.7,4.92,7.2883,7.9445,1057219968,
2023-10-17 00:00:00-04:00,8.100000381469727,8.359999656677246,8.079999923706055,8.25,18473600,0.0,0.0,7696561664,7324924416,,30.333334,0.44,3.433044,1.3202757,3.267,,1.757,11.7,4.92,7.2883,7.9445,1057219968,
2023-10-18 00:00:00-04:00,8.1899995803833,8.260000228881836,7.690000057220459,7.769999980926514,26281300,0.0,0.0,7696561664,7324924416,,30.333334,0.44,3.433044,1.3202757,3.267,,1.757,11.7,4.92,7.2883,7.9445,1057219968,
2023-10-19 00:00:00-04:00,7.75,7.980000019073486,7.590000152587891,7.630000114440918,26767700,0.0,0.0,7696561664,7324924416,,30.333334,0.44,3.433044,1.3202757,3.267,,1.757,11.7,4.92,7.2883,7.9445,1057219968,
2023-10-20 00:00:00-04:00,7.550000190734863,7.679999828338623,7.320000171661377,7.369999885559082,27223700,0.0,0.0,7696561664,7324924416,,30.333334,0.44,3.433044,1.3202757,3.267,,1.757,11.7,4.92,7.2883,7.9445,1057219968,
2023-10-23 00:00:00-04:00,7.28000020980835,7.5,6.96999979019165,7.260000228881836,29748000,0.0,0.0,7696561664,7324924416,,30.333334,0.44,3.433044,1.3202757,3.267,,1.757,11.7,4.92,7.2883,7.9445,1057219968,
2023-10-24 00:00:00-04:00,7.400000095367432,7.574999809265137,7.260000228881836,7.380000114440918,23335900,0.0,0.0,7696561664,7324924416,,30.333334,0.44,3.433044,1.3202757,3.267,,1.757,11.7,4.92,7.2883,7.9445,1057219968,
2023-10-25 00:00:00-04:00,7.239999771118164,7.269999980926514,7.019999980926514,7.079999923706055,31058500,0.0,0.0,7696561664,7324924416,,30.333334,0.44,3.433044,1.3202757,3.267,,1.757,11.7,4.92,7.2883,7.9445,1057219968,
2023-10-26 00:00:00-04:00,7.039999961853027,7.170000076293945,6.795000076293945,6.900000095367432,47046900,0.0,0.0,7696561664,7324924416,,30.333334,0.44,3.433044,1.3202757,3.267,,1.757,11.7,4.92,7.2883,7.9445,1057219968,
2023-10-27 00:00:00-04:00,7.070000171661377,7.079999923706055,6.849999904632568,6.869999885559082,45332100,0.0,0.0,7696561664,7324924416,,30.333334,0.44,3.433044,1.3202757,3.267,,1.757,11.7,4.92,7.2883,7.9445,1057219968,
2023-10-30 00:00:00-04:00,7.599999904632568,7.880000114440918,6.679999828338623,6.940000057220459,125927200,0.0,0.0,7696561664,7324924416,,30.333334,0.44,3.433044,1.3202757,3.267,,1.757,11.7,4.92,7.2883,7.9445,1057219968,
2023-10-31 00:00:00-04:00,7.039999961853027,7.570000171661377,7.03000020980835,7.550000190734863,63310400,0.0,0.0,7696561664,7324924416,,30.333334,0.44,3.433044,1.3202757,3.267,,1.757,11.7,4.92,7.2883,7.9445,1057219968,
2023-11-01 00:00:00-04:00,7.639999866485596,7.75,7.349999904632568,7.579999923706055,42359700,0.0,0.0,7696561664,7324924416,,30.333334,0.44,3.433044,1.3202757,3.267,,1.757,11.7,4.92,7.2883,7.9445,1057219968,
2023-11-02 00:00:00-04:00,7.900000095367432,8.199999809265137,7.880000114440918,8.170000076293945,45933900,0.0,0.0,7696561664,7324924416,,30.333334,0.44,3.433044,1.3202757,3.267,,1.757,11.7,4.92,7.2883,7.9445,1057219968,
2023-11-03 00:00:00-04:00,8.279999732971191,8.479999542236328,8.0,8.010000228881836,41472500,0.0,0.0,7696561664,7324924416,,30.333334,0.44,3.433044,1.3202757,3.267,,1.757,11.7,4.92,7.2883,7.9445,1057219968,
2023-11-06 00:00:00-05:00,8.050000190734863,8.0600004196167,7.369999885559082,7.489999771118164,46262100,0.0,0.0,7696561664,7324924416,,30.333334,0.44,3.433044,1.3202757,3.267,,1.757,11.7,4.92,7.2883,7.9445,1057219968,
2023-11-07 00:00:00-05:00,7.5,7.599999904632568,7.329999923706055,7.420000076293945,34068100,0.0,0.0,7696561664,7324924416,,30.333334,0.44,3.433044,1.3202757,3.267,,1.757,11.7,4.92,7.2883,7.9445,1057219968,
2023-11-08 00:00:00-05:00,7.380000114440918,7.394999980926514,7.119999885559082,7.309999942779541,28150800,0.0,0.0,7696561664,7324924416,,30.333334,0.44,3.433044,1.3202757,3.267,,1.757,11.7,4.92,7.2883,7.9445,1057219968,
2023-11-09 00:00:00-05:00,7.159999847412109,7.170000076293945,6.570000171661377,6.849999904632568,86607400,0.0,0.0,7696561664,7324924416,,30.333334,0.44,3.433044,1.3202757,3.267,,1.757,11.7,4.92,7.2883,7.9445,1057219968,
2023-11-10 00:00:00-05:00,6.920000076293945,6.949999809265137,6.739999771118164,6.940000057220459,29494800,0.0,0.0,7696561664,7324924416,,30.333334,0.44,3.433044,1.3202757,3.267,,1.757,11.7,4.92,7.2883,7.9445,1057219968,
2023-11-13 00:00:00-05:00,6.849999904632568,7.110000133514404,6.71999979019165,7.039999961853027,33982500,0.0,0.0,7696561664,7324924416,,30.333334,0.44,3.433044,1.3202757,3.267,,1.757,11.7,4.92,7.2883,7.9445,1057219968,
2023-11-14 00:00:00-05:00,7.389999866485596,7.53000020980835,7.21999979019165,7.480000019073486,38408700,0.0,0.0,7696561664,7324924416,,30.333334,0.44,3.433044,1.3202757,3.267,,1.757,11.7,4.92,7.2883,7.9445,1057219968,
2023-11-15 00:00:00-05:00,7.389999866485596,7.5,7.21999979019165,7.369999885559082,40095900,0.0,0.0,7696561664,7324924416,,30.333334,0.44,3.433044,1.3202757,3.267,,1.757,11.7,4.92,7.2883,7.9445,1057219968,
2023-11-16 00:00:00-05:00,7.28000020980835,7.289999961853027,6.63100004196167,6.710000038146973,73603100,0.0,0.0,7696561664,7324924416,,30.333334,0.44,3.433044,1.3202757,3.267,,1.757,11.7,4.92,7.2883,7.9445,1057219968,
2023-11-17 00:00:00-05:00,6.800000190734863,6.880000114440918,6.650000095367432,6.829999923706055,30785400,0.0,0.0,7696561664,7324924416,,30.333334,0.44,3.433044,1.3202757,3.267,,1.757,11.7,4.92,7.2883,7.9445,1057219968,
2023-11-20 00:00:00-05:00,6.769999980926514,6.78000020980835,6.559999942779541,6.614999771118164,44558700,0.0,0.0,7696561664,7324924416,,30.333334,0.44,3.433044,1.3202757,3.267,,1.757,11.7,4.92,7.2883,7.9445,1057219968,
2023-11-21 00:00:00-05:00,6.539999961853027,6.724999904632568,6.409999847412109,6.71999979019165,46170200,0.0,0.0,7696561664,7324924416,,30.333334,0.44,3.433044,1.3202757,3.267,,1.757,11.7,4.92,7.2883,7.9445,1057219968,
2023-11-22 00:00:00-05:00,6.800000190734863,7.03000020980835,6.710000038146973,6.900000095367432,36549600,0.0,0.0,7696561664,7324924416,,30.333334,0.44,3.433044,1.3202757,3.267,,1.757,11.7,4.92,7.2883,7.9445,1057219968,
2023-11-24 00:00:00-05:00,6.900000095367432,6.949999809265137,6.789999961853027,6.860000133514404,13457600,0.0,0.0,7696561664,7324924416,,30.333334,0.44,3.433044,1.3202757,3.267,,1.757,11.7,4.92,7.2883,7.9445,1057219968,
2023-11-27 00:00:00-05:00,6.869999885559082,7.199999809265137,6.860000133514404,7.03000020980835,40258600,0.0,0.0,7696561664,7324924416,,30.333334,0.44,3.433044,1.3202757,3.267,,1.757,11.7,4.92,7.2883,7.9445,1057219968,
2023-11-28 00:00:00-05:00,7.039999961853027,7.349999904632568,7.0,7.340000152587891,36138300,0.0,0.0,7696561664,7324924416,,30.333334,0.44,3.433044,1.3202757,3.267,,1.757,11.7,4.92,7.2883,7.9445,1057219968,
2023-11-29 00:00:00-05:00,7.440000057220459,7.730000019073486,7.309999942779541,7.349999904632568,45648300,0.0,0.0,7696561664,7324924416,,30.333334,0.44,3.433044,1.3202757,3.267,,1.757,11.7,4.92,7.2883,7.9445,1057219968,
2023-11-30 00:00:00-05:00,7.389999866485596,7.400000095367432,7.099999904632568,7.289999961853027,41877900,0.0,0.0,7696561664,7324924416,,30.333334,0.44,3.433044,1.3202757,3.267,,1.757,11.7,4.92,7.2883,7.9445,1057219968,
2023-12-01 00:00:00-05:00,7.260000228881836,7.929999828338623,7.170000076293945,7.829999923706055,68780300,0.0,0.0,7696561664,7324924416,,30.333334,0.44,3.433044,1.3202757,3.267,,1.757,11.7,4.92,7.2883,7.9445,1057219968,
2023-12-04 00:00:00-05:00,7.710000038146973,8.25,7.650000095367432,7.960000038146973,45245600,0.0,0.0,7696561664,7324924416,,30.333334,0.44,3.433044,1.3202757,3.267,,1.757,11.7,4.92,7.2883,7.9445,1057219968,
2023-12-05 00:00:00-05:00,7.889999866485596,8.029999732971191,7.75,7.989999771118164,30468400,0.0,0.0,7696561664,7324924416,,30.333334,0.44,3.433044,1.3202757,3.267,,1.757,11.7,4.92,7.2883,7.9445,1057219968,
2023-12-06 00:00:00-05:00,8.140000343322754,8.449999809265137,7.860000133514404,7.889999866485596,51458700,0.0,0.0,7696561664,7324924416,,30.333334,0.44,3.433044,1.3202757,3.267,,1.757,11.7,4.92,7.2883,7.9445,1057219968,
2023-12-07 00:00:00-05:00,7.980000019073486,8.140000343322754,7.880000114440918,7.960000038146973,30489200,0.0,0.0,7696561664,7324924416,,30.333334,0.44,3.433044,1.3202757,3.267,,1.757,11.7,4.92,7.2883,7.9445,1057219968,
2023-12-08 00:00:00-05:00,7.949999809265137,8.220000267028809,7.880000114440918,8.130000114440918,34463500,0.0,0.0,7696561664,7324924416,,30.333334,0.44,3.433044,1.3202757,3.267,,1.757,11.7,4.92,7.2883,7.9445,1057219968,
2023-12-11 00:00:00-05:00,8.119999885559082,8.270000457763672,8.0,8.069999694824219,24365600,0.0,0.0,7696561664,7324924416,,30.333334,0.44,3.433044,1.3202757,3.267,,1.757,11.7,4.92,7.2883,7.9445,1057219968,
2023-12-12 00:00:00-05:00,8.069999694824219,8.095000267028809,7.824999809265137,7.949999809265137,26087100,0.0,0.0,7696561664,7324924416,,30.333334,0.44,3.433044,1.3202757,3.267,,1.757,11.7,4.92,7.2883,7.9445,1057219968,
2023-12-13 00:00:00-05:00,7.980000019073486,8.960000038146973,7.840000152587891,8.9399995803833,75424700,0.0,0.0,7696561664,7324924416,,30.333334,0.44,3.433044,1.3202757,3.267,,1.757,11.7,4.92,7.2883,7.9445,1057219968,
2023-12-14 00:00:00-05:00,9.109999656677246,9.84000015258789,9.09000015258789,9.470000267028809,92753900,0.0,0.0,7696561664,7324924416,,30.333334,0.44,3.433044,1.3202757,3.267,,1.757,11.7,4.92,7.2883,7.9445,1057219968,
2023-12-15 00:00:00-05:00,9.529999732971191,9.569999694824219,9.140000343322754,9.350000381469727,52489000,0.0,0.0,7696561664,7324924416,,30.333334,0.44,3.433044,1.3202757,3.267,,1.757,11.7,4.92,7.2883,7.9445,1057219968,
2023-12-18 00:00:00-05:00,9.300000190734863,9.789999961853027,9.210000038146973,9.65999984741211,48816300,0.0,0.0,7696561664,7324924416,,30.333334,0.44,3.433044,1.3202757,3.267,,1.757,11.7,4.92,7.2883,7.9445,1057219968,
2023-12-19 00:00:00-05:00,9.779999732971191,9.994999885559082,9.65999984741211,9.9399995803833,51836700,0.0,0.0,7696561664,7324924416,,30.333334,0.44,3.433044,1.3202757,3.267,,1.757,11.7,4.92,7.2883,7.9445,1057219968,
2023-12-20 00:00:00-05:00,9.90999984741211,10.15999984741211,9.229999542236328,9.3100004196167,75814700,0.0,0.0,7696561664,7324924416,,30.333334,0.44,3.433044,1.3202757,3.267,,1.757,11.7,4.92,7.2883,7.9445,1057219968,
2023-12-21 00:00:00-05:00,9.529999732971191,9.670000076293945,9.390000343322754,9.640000343322754,41803000,0.0,0.0,7696561664,7324924416,,30.333334,0.44,3.433044,1.3202757,3.267,,1.757,11.7,4.92,7.2883,7.9445,1057219968,
2023-12-22 00:00:00-05:00,9.770000457763672,9.880000114440918,9.585000038146973,9.710000038146973,29080400,0.0,0.0,7696561664,7324924416,,30.333334,0.44,3.433044,1.3202757,3.267,,1.757,11.7,4.92,7.2883,7.9445,1057219968,
2023-12-26 00:00:00-05:00,9.829999923706055,9.989999771118164,9.744999885559082,9.960000038146973,26013700,0.0,0.0,7696561664,7324924416,,30.333334,0.44,3.433044,1.3202757,3.267,,1.757,11.7,4.92,7.2883,7.9445,1057219968,
2023-12-27 00:00:00-05:00,10.010000228881836,10.489999771118164,10.0,10.319999694824219,44253700,0.0,0.0,7696561664,7324924416,,30.333334,0.44,3.433044,1.3202757,3.267,,1.757,11.7,4.92,7.2883,7.9445,1057219968,
2023-12-28 00:00:00-05:00,10.279999732971191,10.390000343322754,10.1850004196167,10.279999732971191,26416400,0.0,0.0,7696561664,7324924416,,30.333334,0.44,3.433044,1.3202757,3.267,,1.757,11.7,4.92,7.2883,7.9445,1057219968,
2023-12-29 00:00:00-05:00,10.25,10.298999786376953,9.8100004196167,9.949999809265137,38152600,0.0,0.0,7696561664,7324924416,,30.333334,0.44,3.433044,1.3202757,3.267,,1.757,11.7,4.92,7.2883,7.9445,1057219968,
2024-01-02 00:00:00-05:00,9.710000038146973,9.8149995803833,9.520000457763672,9.649999618530273,38035000,0.0,0.0,7696561664,7324924416,,30.333334,0.44,3.433044,1.3202757,3.267,,1.757,11.7,4.92,7.2883,7.9445,1057219968,
2024-01-03 00:00:00-05:00,8.90999984741211,9.029999732971191,8.279999732971191,8.3100004196167,82970700,0.0,0.0,7696561664,7324924416,,30.333334,0.44,3.433044,1.3202757,3.267,,1.757,11.7,4.92,7.2883,7.9445,1057219968,
2024-01-04 00:00:00-05:00,8.350000381469727,8.585000038146973,8.170000076293945,8.420000076293945,37398900,0.0,0.0,7696561664,7324924416,,30.333334,0.44,3.433044,1.3202757,3.267,,1.757,11.7,4.92,7.2883,7.9445,1057219968,
2024-01-05 00:00:00-05:00,8.270000457763672,8.5,8.15999984741211,8.220000267028809,39621600,0.0,0.0,7696561664,7324924416,,30.333334,0.44,3.433044,1.3202757,3.267,,1.757,11.7,4.92,7.2883,7.9445,1057219968,
2024-01-08 00:00:00-05:00,8.25,8.619999885559082,8.229999542236328,8.529999732971191,32042200,0.0,0.0,7696561664,7324924416,,30.333334,0.44,3.433044,1.3202757,3.267,,1.757,11.7,4.92,7.2883,7.9445,1057219968,
2024-01-09 00:00:00-05:00,8.399999618530273,8.520000457763672,8.279999732971191,8.319999694824219,26168200,0.0,0.0,7696561664,7324924416,,30.333334,0.44,3.433044,1.3202757,3.267,,1.757,11.7,4.92,7.2883,7.9445,1057219968,
2024-01-10 00:00:00-05:00,8.329999923706055,8.600000381469727,8.140000343322754,8.479999542236328,39487200,0.0,0.0,7696561664,7324924416,,30.333334,0.44,3.433044,1.3202757,3.267,,1.757,11.7,4.92,7.2883,7.9445,1057219968,
2024-01-11 00:00:00-05:00,8.40999984741211,8.430000305175781,8.0600004196167,8.170000076293945,46166600,0.0,0.0,7696561664,7324924416,,30.333334,0.44,3.433044,1.3202757,3.267,,1.757,11.7,4.92,7.2883,7.9445,1057219968,
2024-01-12 00:00:00-05:00,8.170000076293945,8.300000190734863,7.809999942779541,7.889999866485596,49156500,0.0,0.0,7696561664,7324924416,,30.333334,0.44,3.433044,1.3202757,3.267,,1.757,11.7,4.92,7.2883,7.9445,1057219968,
2024-01-16 00:00:00-05:00,7.769999980926514,7.849999904632568,7.610000133514404,7.71999979019165,38223300,0.0,0.0,7696561664,7324924416,,30.333334,0.44,3.433044,1.3202757,3.267,,1.757,11.7,4.92,7.2883,7.9445,1057219968,
2024-01-17 00:00:00-05:00,7.53000020980835,7.579999923706055,7.369999885559082,7.53000020980835,41129900,0.0,0.0,7696561664,7324924416,,30.333334,0.44,3.433044,1.3202757,3.267,,1.757,11.7,4.92,7.2883,7.9445,1057219968,
2024-01-18 00:00:00-05:00,7.619999885559082,7.630000114440918,7.230000019073486,7.409999847412109,47079900,0.0,0.0,7696561664,7324924416,,30.333334,0.44,3.433044,1.3202757,3.267,,1.757,11.7,4.92,7.2883,7.9445,1057219968,
2024-01-19 00:00:00-05:00,7.449999809265137,7.5,7.210000038146973,7.489999771118164,39811300,0.0,0.0,7696561664,7324924416,,30.333334,0.44,3.433044,1.3202757,3.267,,1.757,11.7,4.92,7.2883,7.9445,1057219968,
2024-01-22 00:00:00-05:00,7.829999923706055,8.329999923706055,7.71999979019165,7.920000076293945,69046700,0.0,0.0,7696561664,7324924416,,30.333334,0.44,3.433044,1.3202757,3.267,,1.757,11.7,4.92,7.2883,7.9445,1057219968,
2024-01-23 00:00:00-05:00,8.100000381469727,8.140000343322754,7.730000019073486,7.75,45600700,0.0,0.0,7696561664,7324924416,,30.333334,0.44,3.433044,1.3202757,3.267,,1.757,11.7,4.92,7.2883,7.9445,1057219968,
2024-01-24 00:00:00-05:00,7.889999866485596,7.940000057220459,7.53000020980835,7.559999942779541,41431000,0.0,0.0,7696561664,7324924416,,30.333334,0.44,3.433044,1.3202757,3.267,,1.757,11.7,4.92,7.2883,7.9445,1057219968,
2024-01-25 00:00:00-05:00,7.659999847412109,7.75,7.550000190734863,7.650000095367432,49509400,0.0,0.0,7696561664,7324924416,,30.333334,0.44,3.433044,1.3202757,3.267,,1.757,11.7,4.92,7.2883,7.9445,1057219968,
2024-01-26 00:00:00-05:00,7.690000057220459,7.829999923706055,7.519999980926514,7.619999885559082,72566000,0.0,0.0,7696561664,7324924416,,30.333334,0.44,3.433044,1.3202757,3.267,,1.757,11.7,4.92,7.2883,7.9445,1057219968,
2024-01-29 00:00:00-05:00,8.819999694824219,9.449999809265137,8.619999885559082,9.15999984741211,286380900,0.0,0.0,7696561664,7324924416,,30.333334,0.44,3.433044,1.3202757,3.267,,1.757,11.7,4.92,7.2883,7.9445,1057219968,
2024-01-30 00:00:00-05:00,9.029999732971191,9.399999618530273,8.380000114440918,8.399999618530273,119356000,0.0,0.0,7696561664,7324924416,,30.333334,0.44,3.433044,1.3202757,3.267,,1.757,11.7,4.92,7.2883,7.9445,1057219968,
2024-01-31 00:00:00-05:00,8.09000015258789,8.34000015258789,7.809999942779541,7.829999923706055,110241400,0.0,0.0,7696561664,7324924416,,30.333334,0.44,3.433044,1.3202757,3.267,,1.757,11.7,4.92,7.2883,7.9445,1057219968,
2024-02-01 00:00:00-05:00,7.929999828338623,7.960000038146973,7.570000171661377,7.730000019073486,76525400,0.0,0.0,7696561664,7324924416,,30.333334,0.44,3.433044,1.3202757,3.267,,1.757,11.7,4.92,7.2883,7.9445,1057219968,
2024-02-02 00:00:00-05:00,7.579999923706055,7.949999809265137,7.46999979019165,7.880000114440918,53205100,0.0,0.0,7696561664,7324924416,,30.333334,0.44,3.433044,1.3202757,3.267,,1.757,11.7,4.92,7.2883,7.9445,1057219968,
2024-02-05 00:00:00-05:00,7.699999809265137,7.760000228881836,7.449999809265137,7.579999923706055,42003000,0.0,0.0,7696561664,7324924416,,30.333334,0.44,3.433044,1.3202757,3.267,,1.757,11.7,4.92,7.2883,7.9445,1057219968,
2024-02-06 00:00:00-05:00,7.590000152587891,7.880000114440918,7.53000020980835,7.800000190734863,44063700,0.0,0.0,7696561664,7324924416,,30.333334,0.44,3.433044,1.3202757,3.267,,1.757,11.7,4.92,7.2883,7.9445,1057219968,
2024-02-07 00:00:00-05:00,7.820000171661377,7.829999923706055,7.570000171661377,7.659999847412109,37544900,0.0,0.0,7696561664,7324924416,,30.333334,0.44,3.433044,1.3202757,3.267,,1.757,11.7,4.92,7.2883,7.9445,1057219968,
2024-02-08 00:00:00-05:00,7.699999809265137,8.140000343322754,7.659999847412109,8.079999923706055,49560500,0.0,0.0,7696561664,7324924416,,30.333334,0.44,3.433044,1.3202757,3.267,,1.757,11.7,4.92,7.2883,7.9445,1057219968,
2024-02-09 00:00:00-05:00,8.1850004196167,8.350000381469727,8.079999923706055,8.130000114440918,40417500,0.0,0.0,7696561664,7324924416,,30.333334,0.44,3.433044,1.3202757,3.267,,1.757,11.7,4.92,7.2883,7.9445,1057219968,
2024-02-12 00:00:00-05:00,8.119999885559082,8.5,8.104999542236328,8.329999923706055,44804100,0.0,0.0,7696561664,7324924416,,30.333334,0.44,3.433044,1.3202757,3.267,,1.757,11.7,4.92,7.2883,7.9445,1057219968,
2024-02-13 00:00:00-05:00,7.840000152587891,8.204999923706055,7.78000020980835,8.020000457763672,62894400,0.0,0.0,7696561664,7324924416,,30.333334,0.44,3.433044,1.3202757,3.267,,1.757,11.7,4.92,7.2883,7.9445,1057219968,
2024-02-14 00:00:00-05:00,8.149999618530273,8.430000305175781,8.100000381469727,8.420000076293945,44248000,0.0,0.0,7696561664,7324924416,,30.333334,0.44,3.433044,1.3202757,3.267,,1.757,11.7,4.92,7.2883,7.9445,1057219968,
2024-02-15 00:00:00-05:00,8.5,8.550000190734863,8.34000015258789,8.529999732971191,40691500,0.0,0.0,7696561664,7324924416,,30.333334,0.44,3.433044,1.3202757,3.267,,1.757,11.7,4.92,7.2883,7.9445,1057219968,
2024-02-16 00:00:00-05:00,8.4399995803833,8.579999923706055,8.270000457763672,8.359999656677246,50285500,0.0,0.0,7696561664,7324924416,,30.333334,0.44,3.433044,1.3202757,3.267,,1.757,11.7,4.92,7.2883,7.9445,1057219968,
2024-02-20 00:00:00-05:00,8.289999961853027,8.520000457763672,8.210000038146973,8.510000228881836,39814900,0.0,0.0,7696561664,7324924416,,30.333334,0.44,3.433044,1.3202757,3.267,,1.757,11.7,4.92,7.2883,7.9445,1057219968,
2024-02-21 00:00:00-05:00,8.34000015258789,8.350000381469727,8.100000381469727,8.109999656677246,39260200,0.0,0.0,7696561664,7324924416,,30.333334,0.44,3.433044,1.3202757,3.267,,1.757,11.7,4.92,7.2883,7.9445,1057219968,
2024-02-22 00:00:00-05:00,8.239999771118164,8.350000381469727,8.140000343322754,8.15999984741211,30401200,0.0,0.0,7696561664,7324924416,,30.333334,0.44,3.433044,1.3202757,3.267,,1.757,11.7,4.92,7.2883,7.9445,1057219968,
2024-02-23 00:00:00-05:00,8.170000076293945,8.369999885559082,8.109999656677246,8.170000076293945,27447600,0.0,0.0,7696561664,7324924416,,30.333334,0.44,3.433044,1.3202757,3.267,,1.757,11.7,4.92,7.2883,7.9445,1057219968,
2024-02-26 00:00:00-05:00,8.1899995803833,8.6899995803833,8.164999961853027,8.539999961853027,46576100,0.0,0.0,7696561664,7324924416,,30.333334,0.44,3.433044,1.3202757,3.267,,1.757,11.7,4.92,7.2883,7.9445,1057219968,
2024-02-27 00:00:00-05:00,8.75,9.170000076293945,8.699999809265137,9.149999618530273,66939300,0.0,0.0,7696561664,7324924416,,30.333334,0.44,3.433044,1.3202757,3.267,,1.757,11.7,4.92,7.2883,7.9445,1057219968,
2024-02-28 00:00:00-05:00,9.039999961853027,9.180000305175781,8.829999923706055,8.859999656677246,42120700,0.0,0.0,7696561664,7324924416,,30.333334,0.44,3.433044,1.3202757,3.267,,1.757,11.7,4.92,7.2883,7.9445,1057219968,
2024-02-29 00:00:00-05:00,9.069999694824219,9.138999938964844,8.819999694824219,8.979999542236328,29742200,0.0,0.0,7696561664,7324924416,,30.333334,0.44,3.433044,1.3202757,3.267,,1.757,11.7,4.92,7.2883,7.9445,1057219968,
2024-03-01 00:00:00-05:00,8.989999771118164,9.039999961853027,8.770000457763672,8.989999771118164,26200600,0.0,0.0,7696561664,7324924416,,30.333334,0.44,3.433044,1.3202757,3.267,,1.757,11.7,4.92,7.2883,7.9445,1057219968,
2024-03-04 00:00:00-05:00,9.050000190734863,9.130000114440918,8.569999694824219,8.579999923706055,35426400,0.0,0.0,7696561664,7324924416,,30.333334,0.44,3.433044,1.3202757,3.267,,1.757,11.7,4.92,7.2883,7.9445,1057219968,
2024-03-05 00:00:00-05:00,8.069999694824219,8.199999809265137,7.260000228881836,7.269999980926514,187827900,0.0,0.0,7696561664,7324924416,,30.333334,0.44,3.433044,1.3202757,3.267,,1.757,11.7,4.92,7.2883,7.9445,1057219968,
2024-03-06 00:00:00-05:00,7.369999885559082,7.619999885559082,7.050000190734863,7.400000095367432,131025300,0.0,0.0,7696561664,7324924416,,30.333334,0.44,3.433044,1.3202757,3.267,,1.757,11.7,4.92,7.2883,7.9445,1057219968,
2024-03-07 00:00:00-05:00,7.5,7.578999996185303,7.179999828338623,7.46999979019165,83118900,0.0,0.0,7696561664,7324924416,,30.333334,0.44,3.433044,1.3202757,3.267,,1.757,11.7,4.92,7.2883,7.9445,1057219968,
2024-03-08 00:00:00-05:00,7.519999980926514,7.829999923706055,7.46999979019165,7.710000038146973,76490500,0.0,0.0,7696561664,7324924416,,30.333334,0.44,3.433044,1.3202757,3.267,,1.757,11.7,4.92,7.2883,7.9445,1057219968,
2024-03-11 00:00:00-04:00,7.804999828338623,7.949999809265137,7.610000133514404,7.679999828338623,59023000,0.0,0.0,7696561664,7324924416,,30.333334,0.44,3.433044,1.3202757,3.267,,1.757,11.7,4.92,7.2883,7.9445,1057219968,
2024-03-12 00:00:00-04:00,7.679999828338623,7.690000057220459,7.380000114440918,7.480000019073486,49576500,0.0,0.0,7696561664,7324924416,,30.333334,0.44,3.433044,1.3202757,3.267,,1.757,11.7,4.92,7.2883,7.9445,1057219968,
2024-03-13 00:00:00-04:00,7.429999828338623,7.559999942779541,7.360000133514404,7.380000114440918,42118300,0.0,0.0,7696561664,7324924416,,30.333334,0.44,3.433044,1.3202757,3.267,,1.757,11.7,4.92,7.2883,7.9445,1057219968,
2024-03-14 00:00:00-04:00,7.329999923706055,7.349999904632568,6.989999771118164,7.050000190734863,69575100,0.0,0.0,7696561664,7324924416,,30.333334,0.44,3.433044,1.3202757,3.267,,1.757,11.7,4.92,7.2883,7.9445,1057219968,
2024-03-15 00:00:00-04:00,7.03000020980835,7.050000190734863,6.909999847412109,7.03000020980835,52674400,0.0,0.0,7696561664,7324924416,,30.333334,0.44,3.433044,1.3202757,3.267,,1.757,11.7,4.92,7.2883,7.9445,1057219968,
2024-03-18 00:00:00-04:00,7.065000057220459,7.110000133514404,6.860000133514404,7.079999923706055,47168400,0.0,0.0,7696561664,7324924416,,30.333334,0.44,3.433044,1.3202757,3.267,,1.757,11.7,4.92,7.2883,7.9445,1057219968,
2024-03-19 00:00:00-04:00,6.920000076293945,7.03000020980835,6.815000057220459,6.920000076293945,50479000,0.0,0.0,7696561664,7324924416,,30.333334,0.44,3.433044,1.3202757,3.267,,1.757,11.7,4.92,7.2883,7.9445,1057219968,
2024-03-20 00:00:00-04:00,6.925000190734863,7.369999885559082,6.869999885559082,7.360000133514404,61455100,0.0,0.0,7696561664,7324924416,,30.333334,0.44,3.433044,1.3202757,3.267,,1.757,11.7,4.92,7.2883,7.9445,1057219968,
2024-03-21 00:00:00-04:00,7.550000190734863,7.570000171661377,7.360000133514404,7.440000057220459,56091900,0.0,0.0,7696561664,7324924416,,30.333334,0.44,3.433044,1.3202757,3.267,,1.757,11.7,4.92,7.2883,7.9445,1057219968,
2024-03-22 00:00:00-04:00,7.320000171661377,7.408999919891357,7.239999771118164,7.300000190734863,23188400,0.0,0.0,7696561664,7324924416,,30.333334,0.44,3.433044,1.3202757,3.267,,1.757,11.7,4.92,7.2883,7.9445,1057219968,
2024-03-25 00:00:00-04:00,7.28000020980835,7.5970001220703125,7.25,7.449999809265137,27430900,0.0,0.0,7696561664,7324924416,,30.333334,0.44,3.433044,1.3202757,3.267,,1.757,11.7,4.92,7.2883,7.9445,1057219968,
2024-03-26 00:00:00-04:00,7.349999904632568,7.460000038146973,7.164999961853027,7.199999809265137,39576600,0.0,0.0,7696561664,7324924416,,30.333334,0.44,3.433044,1.3202757,3.267,,1.757,11.7,4.92,7.2883,7.9445,1057219968,
2024-03-27 00:00:00-04:00,7.28000020980835,7.369999885559082,7.170000076293945,7.360000133514404,34738800,0.0,0.0,7696561664,7324924416,,30.333334,0.44,3.433044,1.3202757,3.267,,1.757,11.7,4.92,7.2883,7.9445,1057219968,
2024-03-28 00:00:00-04:00,7.329999923706055,7.46999979019165,7.289999961853027,7.300000190734863,30108100,0.0,0.0,7696561664,7324924416,,30.333334,0.44,3.433044,1.3202757,3.267,,1.757,11.7,4.92,7.2883,7.9445,1057219968,
2024-04-01 00:00:00-04:00,7.309999942779541,7.340000152587891,7.119999885559082,7.21999979019165,31681900,0.0,0.0,7696561664,7324924416,,30.333334,0.44,3.433044,1.3202757,3.267,,1.757,11.7,4.92,7.2883,7.9445,1057219968,
2024-04-02 00:00:00-04:00,7.050000190734863,7.21999979019165,6.96999979019165,7.199999809265137,29678800,0.0,0.0,7696561664,7324924416,,30.333334,0.44,3.433044,1.3202757,3.267,,1.757,11.7,4.92,7.2883,7.9445,1057219968,
2024-04-03 00:00:00-04:00,7.309999942779541,7.579999923706055,7.230000019073486,7.539999961853027,50638600,0.0,0.0,7696561664,7324924416,,30.333334,0.44,3.433044,1.3202757,3.267,,1.757,11.7,4.92,7.2883,7.9445,1057219968,
2024-04-04 00:00:00-04:00,7.650000095367432,7.710000038146973,7.269999980926514,7.309999942779541,49594100,0.0,0.0,7696561664,7324924416,,30.333334,0.44,3.433044,1.3202757,3.267,,1.757,11.7,4.92,7.2883,7.9445,1057219968,
2024-04-05 00:00:00-04:00,7.300000190734863,7.460000038146973,7.25,7.400000095367432,29121300,0.0,0.0,7696561664,7324924416,,30.333334,0.44,3.433044,1.3202757,3.267,,1.757,11.7,4.92,7.2883,7.9445,1057219968,
2024-04-08 00:00:00-04:00,7.510000228881836,7.769999980926514,7.5,7.760000228881836,56858200,0.0,0.0,7696561664,7324924416,,30.333334,0.44,3.433044,1.3202757,3.267,,1.757,11.7,4.92,7.2883,7.9445,1057219968,
2024-04-09 00:00:00-04:00,7.820000171661377,7.940000057220459,7.730000019073486,7.889999866485596,46554000,0.0,0.0,7696561664,7324924416,,30.333334,0.44,3.433044,1.3202757,3.267,,1.757,11.7,4.92,7.2883,7.9445,1057219968,
2024-04-10 00:00:00-04:00,7.650000095367432,7.800000190734863,7.480000019073486,7.559999942779541,53826100,0.0,0.0,7696561664,7324924416,,30.333334,0.44,3.433044,1.3202757,3.267,,1.757,11.7,4.92,7.2883,7.9445,1057219968,
2024-04-11 00:00:00-04:00,7.570000171661377,7.639999866485596,7.429999828338623,7.639999866485596,28651700,0.0,0.0,7696561664,7324924416,,30.333334,0.44,3.433044,1.3202757,3.267,,1.757,11.7,4.92,7.2883,7.9445,1057219968,
2024-04-12 00:00:00-04:00,7.559999942779541,7.599999904632568,7.300000190734863,7.329999923706055,36044300,0.0,0.0,7696561664,7324924416,,30.333334,0.44,3.433044,1.3202757,3.267,,1.757,11.7,4.92,7.2883,7.9445,1057219968,
2024-04-15 00:00:00-04:00,7.329999923706055,7.420000076293945,7.079999923706055,7.119999885559082,33759400,0.0,0.0,7696561664,7324924416,,30.333334,0.44,3.433044,1.3202757,3.267,,1.757,11.7,4.92,7.2883,7.9445,1057219968,
2024-04-16 00:00:00-04:00,7.045000076293945,7.284999847412109,6.96999979019165,7.199999809265137,34200500,0.0,0.0,7696561664,7324924416,,30.333334,0.44,3.433044,1.3202757,3.267,,1.757,11.7,4.92,7.2883,7.9445,1057219968,
2024-04-17 00:00:00-04:00,7.230000019073486,7.340000152587891,7.119999885559082,7.159999847412109,29625600,0.0,0.0,7696561664,7324924416,,30.333334,0.44,3.433044,1.3202757,3.267,,1.757,11.7,4.92,7.2883,7.9445,1057219968,
2024-04-18 00:00:00-04:00,7.159999847412109,7.380000114440918,7.070000171661377,7.130000114440918,34419100,0.0,0.0,7696561664,7324924416,,30.333334,0.44,3.433044,1.3202757,3.267,,1.757,11.7,4.92,7.2883,7.9445,1057219968,
2024-04-19 00:00:00-04:00,7.079999923706055,7.28000020980835,7.050000190734863,7.110000133514404,36530500,0.0,0.0,7696561664,7324924416,,30.333334,0.44,3.433044,1.3202757,3.267,,1.757,11.7,4.92,7.2883,7.9445,1057219968,
2024-04-22 00:00:00-04:00,7.170000076293945,7.289999961853027,7.105000019073486,7.25,31327400,0.0,0.0,7696561664,7324924416,,30.333334,0.44,3.433044,1.3202757,3.267,,1.757,11.7,4.92,7.2883,7.9445,1057219968,
2024-04-23 00:00:00-04:00,7.239999771118164,7.590000152587891,7.21999979019165,7.579999923706055,40321500,0.0,0.0,7696561664,7324924416,,30.333334,0.44,3.433044,1.3202757,3.267,,1.757,11.7,4.92,7.2883,7.9445,1057219968,
2024-04-24 00:00:00-04:00,7.605000019073486,7.679999828338623,7.460000038146973,7.599999904632568,39726800,0.0,0.0,7696561664,7324924416,,30.333334,0.44,3.433044,1.3202757,3.267,,1.757,11.7,4.92,7.2883,7.9445,1057219968,
2024-04-25 00:00:00-04:00,7.420000076293945,7.599999904632568,7.260000228881836,7.590000152587891,47658800,0.0,0.0,7696561664,7324924416,,30.333334,0.44,3.433044,1.3202757,3.267,,1.757,11.7,4.92,7.2883,7.9445,1057219968,
2024-04-26 00:00:00-04:00,7.697999954223633,7.900000095367432,7.579999923706055,7.869999885559082,88631000,0.0,0.0,7696561664,7324924416,,30.333334,0.44,3.433044,1.3202757,3.267,,1.757,11.7,4.92,7.2883,7.9445,1057219968,
2024-04-29 00:00:00-04:00,7.369999885559082,7.449999809265137,7.0,7.045000076293945,149660200,0.0,0.0,7696561664,7324924416,,30.333334,0.44,3.433044,1.3202757,3.267,,1.757,11.7,4.92,7.2883,7.9445,1057219968,
2024-04-30 00:00:00-04:00,6.880000114440918,6.889999866485596,6.610000133514404,6.78000020980835,78411600,0.0,0.0,7696561664,7324924416,,30.333334,0.44,3.433044,1.3202757,3.267,,1.757,11.7,4.92,7.2883,7.9445,1057219968,
2024-05-01 00:00:00-04:00,6.699999809265137,7.179999828338623,6.650000095367432,6.920000076293945,68347700,0.0,0.0,7696561664,7324924416,,30.333334,0.44,3.433044,1.3202757,3.267,,1.757,11.7,4.92,7.2883,7.9445,1057219968,
2024-05-02 00:00:00-04:00,7.03000020980835,7.110000133514404,6.860000133514404,6.989999771118164,45473400,0.0,0.0,7696561664,7324924416,,30.333334,0.44,3.433044,1.3202757,3.267,,1.757,11.7,4.92,7.2883,7.9445,1057219968,
2024-05-03 00:00:00-04:00,7.130000114440918,7.239999771118164,6.880000114440918,6.960000038146973,56618000,0.0,0.0,7696561664,7324924416,,30.333334,0.44,3.433044,1.3202757,3.267,,1.757,11.7,4.92,7.2883,7.9445,1057219968,
2024-05-06 00:00:00-04:00,7.054999828338623,7.269999980926514,7.03000020980835,7.159999847412109,50016600,0.0,0.0,7696561664,7324924416,,30.333334,0.44,3.433044,1.3202757,3.267,,1.757,11.7,4.92,7.2883,7.9445,1057219968,
2024-05-07 00:00:00-04:00,7.119999885559082,7.190000057220459,7.03000020980835,7.059999942779541,31025600,0.0,0.0,7696561664,7324924416,,30.333334,0.44,3.433044,1.3202757,3.267,,1.757,11.7,4.92,7.2883,7.9445,1057219968,
2024-05-08 00:00:00-04:00,6.980000019073486,7.085000038146973,6.929999828338623,7.050000190734863,29637600,0.0,0.0,7696561664,7324924416,,30.333334,0.44,3.433044,1.3202757,3.267,,1.757,11.7,4.92,7.2883,7.9445,1057219968,
2024-05-09 00:00:00-04:00,7.079999923706055,7.130000114440918,6.989999771118164,7.059999942779541,22463500,0.0,0.0,7696561664,7324924416,,30.333334,0.44,3.433044,1.3202757,3.267,,1.757,11.7,4.92,7.2883,7.9445,1057219968,
2024-05-10 00:00:00-04:00,7.050000190734863,7.090000152587891,6.920000076293945,6.940000057220459,29080800,0.0,0.0,7696561664,7324924416,,30.333334,0.44,3.433044,1.3202757,3.267,,1.757,11.7,4.92,7.2883,7.9445,1057219968,
2024-05-13 00:00:00-04:00,7.03000020980835,7.320000171661377,7.0,7.110000133514404,55264000,0.0,0.0,7696561664,7324924416,,30.333334,0.44,3.433044,1.3202757,3.267,,1.757,11.7,4.92,7.2883,7.9445,1057219968,
2024-05-14 00:00:00-04:00,7.210000038146973,7.639999866485596,7.199999809265137,7.46999979019165,74991900,0.0,0.0,7696561664,7324924416,,30.333334,0.44,3.433044,1.3202757,3.267,,1.757,11.7,4.92,7.2883,7.9445,1057219968,
2024-05-15 00:00:00-04:00,7.630000114440918,7.630000114440918,7.210000038146973,7.269999980926514,35185400,0.0,0.0,7696561664,7324924416,,30.333334,0.44,3.433044,1.3202757,3.267,,1.757,11.7,4.92,7.2883,7.9445,1057219968,
2024-05-16 00:00:00-04:00,7.230000019073486,7.300000190734863,7.110000133514404,7.119999885559082,28905000,0.0,0.0,7696561664,7324924416,,30.333334,0.44,3.433044,1.3202757,3.267,,1.757,11.7,4.92,7.2883,7.9445,1057219968,
2024-05-17 00:00:00-04:00,7.150000095367432,7.420000076293945,7.119999885559082,7.28000020980835,36422600,0.0,0.0,7696561664,7324924416,,30.333334,0.44,3.433044,1.3202757,3.267,,1.757,11.7,4.92,7.2883,7.9445,1057219968,
